12917 1
13399 1
13390 1
14075 1
14112 1
12825 1
13470 1
13497 1
13201 1
13956 1
13255 1
14133 1
13948 1
13073 1
14029 1
13020 1
14089 1
13465 1
14124 1
13793 1
13451 1
13875 1
14126 1
13576 1
14094 1
13777 1
13524 1
13850 1
13491 1
13868 1
14069 1
14077 1
13025 1
13965 1
14028 1
13659 1
13519 1
13521 1
13734 1
13881 1
13979 1
13944 1
13637 1
14108 1
13918 1
13765 1
13894 1
13908 1
13803 1
14022 1
10458 1
12866 1
13874 1
13862 1
13963 1
12915 1
12680 1
14011 1
13883 1
13295 1
13996 1
13824 1
14008 1
13495 1
13287 1
13892 1
13334 1
13099 1
13563 1
13813 1
13934 1
13244 1
13771 1
14066 1
13384 1
13818 1
13923 1
13939 1
14060 1
13993 1
13468 1
13990 1
12595 1
13672 1
13992 1
13720 1
13453 1
13436 1
13819 1
13973 1
12248 1
13845 1
13343 1
14080 1
13379 1
13396 1
13702 1
13200 1
13955 1
12580 1
13397 1
13971 1
14056 1
14070 1
13919 1
13807 1
13363 1
13869 1
13805 1
14106 1
13795 1
12491 1
13994 1
13229 1
13335 1
13558 1
13909 1
14142 1
13279 1
13980 1
14017 1
12155 1
13401 1
14114 1
14105 1
13294 1
13710 1
13180 1
13345 1
13698 1
13982 1
13878 1
13924 1
14073 1
12968 1
14043 1
13395 1
13950 1
13864 1
13901 1
14120 1
13933 1
13847 1
13305 1
13810 1
13040 1
14145 1
14018 1
13728 1
13516 1
13938 1
13699 1
14087 1
13736 1
13280 1
14055 1
14125 1
14110 1
13972 1
11755 1
13481 1
13856 1
13534 1
14051 1
13959 1
13846 1
13932 1
13812 1
12883 1
13012 1
13641 1
13163 1
13479 1
13740 1
13716 1
13144 1
13981 1
13046 1
14115 1
13208 1
13084 1
13692 1
11101 1
13841 1
12369 1
13354 1
13842 1
12582 1
14064 1
13872 1
13801 1
12885 1
13747 1
13836 1
13796 1
13438 1
13917 1
13806 1
13260 1
13655 1
13581 1
14100 1
13431 1
13430 1
13833 1
13998 1
14042 1
12247 1
13814 1
14054 1
13943 1
13680 1
13709 1
13503 1
13551 1
13922 1
13685 1
12518 1
12810 1
12452 1
13391 1
14102 1
13946 1
13866 1
13931 1
14016 1
13715 1
13879 1
13952 1
13895 1
13914 1
12761 1
14019 1
13809 1
13966 1
13893 1
13986 1
13630 1
14024 1
13985 1
13068 1
13904 1
13617 1
13954 1
11356 1
13488 1
13540 1
13873 1
14023 1
13953 1
11256 1
13844 1
13562 1
13301 1
14141 1
13542 1
13661 1
13674 1
13714 1
14111 1
14097 1
11694 1
14123 1
13969 1
14090 1
13571 1
13906 1
13690 1
13808 1
13983 1
11561 1
13896 1
14014 1
13861 1
13373 1
13225 1
13887 1
12544 1
13447 1
13991 1
13926 1
14001 1
12805 1
13590 1
13298 1
12770 1
12845 1
14025 1
14007 1
14009 1
13942 1
13967 1
14039 1
14021 1
13646 1
12873 1
13404 1
13987 1
13927 1
13164 1
14134 1
14072 1
13600 1
14118 1
13342 1
13752 1
13899 1
14034 1
12823 1
14052 1
13916 1
13860 1
13214 1
12774 1
13427 1
12972 1
13398 1
14031 1
13738 1
14063 1
13823 1
13838 1
14104 1
13196 1
13623 1
14053 1
13921 1
14041 1
14116 1
14059 1
14049 1
13037 1
13114 1
13828 1
13889 1
13721 1
13968 1
13078 1
13840 1
13708 1
14117 1
12447 1
12174 1
13389 1
13800 1
13408 1
13418 1
13128 1
13028 1
13871 1
14030 1
14088 1
13694 1
14129 1
13300 1
14020 1
13480 1
13372 1
13455 1
14131 1
12935 1
14062 1
14144 1
14032 1
13829 1
13178 1
14046 1
13988 1
14004 1
12863 1
13362 1
12975 1
14074 1
13657 1
13566 1
13851 1
14109 1
13483 1
13614 1
13626 1
14138 1
13936 1
13958 1
13975 1
13865 1
13331 1
14146 1
14147 1
13605 1
14044 1
13945 1
13460 1
14050 1
13076 1
12298 1
13578 1
12994 1
14101 1
12254 1
13530 1
13428 1
13930 1
13825 1
13853 1
13837 1
13898 1
12264 1
13607 1
13804 1
13877 1
14086 1
13170 1
13665 1
13802 1
13835 1
11622 1
13424 1
13912 1
13381 1
13604 1
13457 1
11663 1
13937 1
12502 1
14128 1
11898 1
13319 1
13515 1
13984 1
13618 1
13849 1
13643 1
13564 1
14084 1
13949 1
12281 1
14003 1
12503 1
12475 1
13748 1
14038 1
13204 1
14071 1
13764 1
14081 1
12241 1
13706 1
11616 1
14079 1
13858 1
13797 1
13816 1
14121 1
13486 1
13355 1
13633 1
14065 1
14149 1
13506 1
14026 1
14006 1
14058 1
13995 1
13288 1
13848 1
12285 1
14137 1
14082 1
13094 1
14040 1
14047 1
13788 1
14091 1
13886 1
13974 1
13703 1
13903 1
13929 1
13724 1
13215 1
12841 1
13799 1
14027 1
13855 1
13989 1
13961 1
12572 1
14122 1
14002 1
14130 1
13962 1
14148 1
13977 1
13798 1
13374 1
14098 1
13870 1
13891 1
12931 1
13890 1
14119 1
13727 1
13947 1
13337 1
13839 1
13951 1
13970 1
13843 1
13852 1
13510 1
12726 1
13592 1
13177 1
14035 1
13484 1
13537 1
13905 1
13554 1
13498 1
14061 1
13834 1
14143 1
14103 1
14092 1
13789 1
13450 1
13670 1
13405 1
11474 1
14093 1
12735 1
13832 1
14132 1
13687 1
14127 1
13508 1
14078 1
13884 1
13902 1
14076 1
13863 1
13351 1
13568 1
13826 1
13437 1
12987 1
13876 1
13957 1
14085 1
13135 1
13880 1
13338 1
13854 1
13885 1
12998 1
13811 1
14099 1
14083 1
12162 1
13394 1
13978 1
14139 1
13629 1
13999 1
12251 1
14150 1
13940 1
13827 1
14013 1
14000 1
13830 1
14067 1
13915 1
14057 1
13920 1
13897 1
14033 1
13120 1
12786 1
13067 1
13543 1
13907 1
13911 1
13815 1
13750 1
13925 1
12287 1
13935 1
13900 1
14107 1
13533 1
13867 1
13913 1
13859 1
13743 1
13686 1
13820 1
14005 1
14113 1
14136 1
13997 1
13960 1
14068 1
12773 1
13762 1
13009 1
14037 1
13341 1
13857 1
13761 1
13501 1
12718 1
14096 1
14015 1
13723 1
12919 1
13821 1
13822 1
13928 1
14140 1
13964 1
11888 1
13612 1
14135 1
13463 1
13700 1
14010 1
13044 1
14036 1
13569 1
14012 1
12791 1
14095 1
13638 1
13882 1
13976 1
13831 1
13421 1
14048 1
13077 1
13888 1
13772 1
13608 1
14045 1
13910 1
12391 1
13494 1
13817 1
13941 1
12963 2
12862 2
10604 2
13459 2
12535 2
12760 2
12411 2
11406 2
13416 2
11704 2
13316 2
13378 2
13531 2
10471 2
12427 2
13707 2
13621 2
12806 2
12991 2
13259 2
13336 2
13245 2
12052 2
13591 2
12367 2
12953 2
13413 2
13780 2
13116 2
13636 2
12295 2
12484 2
11173 2
13357 2
12282 2
13130 2
13648 2
11289 2
13502 2
13631 2
13712 2
13419 2
13644 2
13599 2
12996 2
13588 2
12584 2
13742 2
13070 2
12930 2
13560 2
12923 2
12799 2
13409 2
13613 2
13422 2
13787 2
13134 2
13730 2
13490 2
13482 2
10967 2
13272 2
13589 2
12365 2
12102 2
13108 2
13353 2
13304 2
13575 2
13634 2
10912 2
13529 2
13198 2
13681 2
13739 2
13320 2
12756 2
13075 2
12864 2
13013 2
13472 2
13001 2
11545 2
12957 2
13732 2
13628 2
13635 2
12611 2
12341 2
10947 2
12568 2
13361 2
12892 2
13677 2
13003 2
13639 2
13015 2
13620 2
13248 2
12467 2
13532 2
12887 2
13410 2
13741 2
11626 2
12277 2
13664 2
11014 2
12925 2
13695 2
13333 2
13729 2
13162 2
12605 2
12449 2
13731 2
12848 2
13622 2
12882 2
11577 2
11099 2
13096 2
13036 2
13757 2
13352 2
11756 2
13774 2
13251 2
12944 2
12363 2
13541 2
13375 2
13332 2
13676 2
13330 2
13306 2
11012 2
13603 2
12146 2
12893 2
11312 2
10257 2
13769 2
12879 2
13031 2
11091 2
13262 2
13783 2
12686 2
12279 2
13582 2
12111 2
13755 2
13417 2
13624 2
12877 2
12826 2
12701 2
12655 2
13467 2
13346 2
12981 2
13550 2
13161 2
13682 2
13691 2
12783 2
12372 2
11834 2
12426 2
13461 2
12831 2
11498 2
13143 2
12413 2
13218 2
12419 2
12781 2
13371 2
13602 2
13711 2
13758 2
13267 2
12884 2
13526 2
13435 2
13136 2
12368 2
13131 2
12273 2
12469 2
13370 2
12794 2
12797 2
13557 2
13168 2
13561 2
12838 2
13689 2
13667 2
12400 2
13358 2
13383 2
13760 2
12192 2
13493 2
12793 2
12359 2
13735 2
13377 2
13329 2
12235 2
13572 2
13368 2
13527 2
13284 2
13556 2
10920 2
13429 2
13775 2
12926 2
13475 2
13559 2
12598 2
13504 2
13553 2
12836 2
13250 2
13387 2
13627 2
13587 2
13625 2
13598 2
13360 2
13753 2
12784 2
13414 2
13597 2
12353 2
13425 2
13303 2
13778 2
13412 2
13776 2
13321 2
13645 2
13705 2
13653 2
13469 2
12840 2
13505 2
13658 2
12084 2
13545 2
9391 2
12617 2
12310 2
12795 2
13719 2
13696 2
11765 2
12945 2
12086 2
13791 2
13350 2
13092 2
13311 2
12854 2
13456 2
13048 2
12658 2
13718 2
11886 2
13514 2
13474 2
13100 2
13725 2
12894 2
13476 2
11728 2
12069 2
13458 2
13615 2
12943 2
13439 2
12315 2
11772 2
11962 2
12430 2
12867 2
13326 2
13441 2
13574 2
13039 2
13252 2
13444 2
13071 2
13385 2
12441 2
11862 2
10644 2
13415 2
13449 2
13767 2
12927 2
13339 2
13188 2
13683 2
12800 2
13523 2
11164 2
12523 2
12218 2
12911 2
13466 2
13583 2
13565 2
12859 2
13445 2
13579 2
13507 2
13679 2
12696 2
12558 2
12220 2
11576 2
13291 2
13464 2
12899 2
13517 2
13314 2
11968 2
13763 2
13325 2
9618 2
13323 2
12641 2
11657 2
12286 2
13595 2
13773 2
13733 2
13243 2
11223 2
12421 2
12344 2
13241 2
12364 2
12881 2
13668 2
13083 2
13609 2
13247 2
13652 2
13158 2
13400 2
13369 2
13129 2
9079 2
13499 2
13473 2
13693 2
13349 2
13432 2
12510 2
13697 2
12397 2
12839 2
13356 2
13547 2
11670 2
11200 2
12822 2
13726 2
13156 2
13666 2
13366 2
10439 2
13593 2
12966 2
13784 2
13317 2
11656 2
13794 2
13264 2
13786 2
13443 2
11906 2
13478 2
13219 2
11950 2
13610 2
13570 2
12787 2
12942 2
13766 2
12255 2
13167 2
12075 2
13365 2
13782 2
13580 2
13403 2
12018 2
12913 2
13006 2
12203 2
13423 2
11216 2
12646 2
13327 2
13081 2
13328 2
13249 2
10218 2
13062 2
12410 2
13616 2
13302 2
13518 2
12796 2
12471 2
13756 2
13779 2
13651 2
13678 2
12961 2
13191 2
13049 2
13193 2
12989 2
13205 2
13406 2
13673 2
12594 2
13675 2
12665 2
12746 2
13172 2
11993 2
12621 2
12615 2
11199 2
12916 2
12880 2
13312 2
13340 2
12555 2
13500 2
13487 2
11723 2
13596 2
13585 2
12435 2
12801 2
13749 2
13420 2
13509 2
12700 2
13513 2
13085 2
13512 2
12782 2
13454 2
12645 2
10198 2
13548 2
13230 2
12699 2
13277 2
13601 2
13663 2
12490 2
13195 2
13669 2
12438 2
12280 2
13027 2
13318 2
12818 2
13386 2
13573 2
12889 2
12895 2
13549 2
13751 2
11848 2
11814 2
13058 2
11584 2
11839 2
13388 2
13649 2
13520 2
13671 2
12630 2
12429 2
12965 2
13790 2
13359 2
13133 2
13632 2
13538 2
10509 2
13392 2
13704 2
12653 2
11833 2
11883 2
13522 2
12474 2
12660 2
13240 2
12875 2
13109 2
13322 2
13586 2
13448 2
12767 2
13462 2
13310 2
13485 2
13525 2
12821 2
13713 2
13411 2
13209 2
10966 2
10085 2
12824 2
12612 2
11536 2
13227 2
13688 2
13440 2
12941 2
13717 2
13535 2
13122 2
13057 2
13759 2
12808 2
13151 2
11730 2
10483 2
13647 2
13584 2
13650 2
12920 2
10957 2
12725 2
13148 2
13792 2
12980 2
13768 2
13656 2
12240 2
13023 2
13619 2
13660 2
13654 2
13376 2
13492 2
12387 2
12815 2
12790 2
11668 2
13640 2
12380 2
13226 2
12661 2
13171 2
12868 2
13307 2
12858 2
13309 2
13433 2
12956 2
13567 2
13364 2
13745 2
13344 2
13105 2
13434 2
11989 2
13477 2
13089 2
12433 2
13452 2
12766 2
12924 2
12459 2
13536 2
13315 2
13606 2
12903 2
13106 2
13324 2
13347 2
12227 2
13744 2
11872 2
13182 2
12383 2
13407 2
11111 2
12643 2
12955 2
13770 2
13150 2
13220 2
13393 2
13367 2
13064 2
13684 2
13253 2
11284 2
12969 2
13257 2
13539 2
13511 2
13737 2
13199 2
12291 2
13746 2
13382 2
13380 2
13471 2
12734 2
13348 2
13577 2
13313 2
12302 2
12526 2
13032 2
13142 2
13528 2
13594 2
12418 2
13489 2
12971 2
13082 2
13426 2
12832 2
13552 2
13095 2
13446 2
13273 2
12759 2
13781 2
12984 2
13442 2
12932 2
11885 2
12921 2
11502 2
13546 2
13611 2
13496 2
12772 2
13701 2
12688 2
13722 2
13098 2
13308 2
13402 2
13754 2
12816 2
11868 2
13125 2
13642 2
12748 2
13785 2
13662 2
12946 2
13544 2
13268 2
12114 2
13555 2
13103 2
12239 2
13266 2
13052 2
12041 3
12732 3
12855 3
11949 3
11842 3
12336 3
11641 3
13236 3
13034 3
13261 3
13286 3
11643 3
11909 3
10706 3
11640 3
10985 3
11067 3
12851 3
11999 3
11951 3
12674 3
13090 3
11461 3
12603 3
12983 3
13137 3
12896 3
10838 3
13265 3
12513 3
12101 3
12212 3
11660 3
11307 3
13179 3
11215 3
11692 3
12857 3
12167 3
12322 3
12751 3
12738 3
12811 3
12853 3
13285 3
12687 3
10460 3
12020 3
10970 3
13174 3
13050 3
13008 3
11113 3
13019 3
12909 3
11314 3
12632 3
10011 3
9895 3
12846 3
12381 3
11776 3
13292 3
12393 3
12339 3
12292 3
13239 3
11610 3
13000 3
12973 3
11975 3
12517 3
12740 3
12610 3
12865 3
12635 3
10708 3
12631 3
12188 3
12820 3
12554 3
12673 3
12775 3
11686 3
12988 3
12358 3
12597 3
13233 3
12852 3
12600 3
11875 3
12928 3
11945 3
11055 3
10437 3
11058 3
12967 3
11381 3
12442 3
12979 3
12710 3
12664 3
12539 3
11503 3
10895 3
11877 3
11317 3
13127 3
13141 3
12860 3
11994 3
12618 3
13203 3
12211 3
12337 3
13004 3
12289 3
13235 3
11623 3
11294 3
12010 3
13045 3
12525 3
10848 3
13138 3
12290 3
12276 3
12083 3
11911 3
12238 3
13016 3
11375 3
13146 3
12900 3
11514 3
13017 3
11638 3
12958 3
13166 3
13145 3
13223 3
13018 3
11214 3
12768 3
12567 3
12224 3
10494 3
13242 3
13035 3
9259 3
13206 3
12947 3
12384 3
11248 3
11302 3
12802 3
13238 3
12164 3
12948 3
12771 3
12566 3
11937 3
12939 3
12990 3
12533 3
13118 3
12214 3
11791 3
12346 3
12494 3
12890 3
13140 3
12404 3
12495 3
11973 3
12394 3
11634 3
13169 3
8787 3
12803 3
12246 3
12099 3
12616 3
12271 3
13256 3
13192 3
12515 3
11904 3
12154 3
10828 3
13221 3
11202 3
12181 3
12303 3
12667 3
11736 3
12263 3
13181 3
11783 3
12938 3
10487 3
13296 3
12977 3
12423 3
11995 3
10745 3
12727 3
12976 3
12129 3
11964 3
13155 3
12870 3
13061 3
11094 3
13053 3
12691 3
10253 3
10964 3
11550 3
12765 3
12834 3
13293 3
12283 3
12777 3
12993 3
12952 3
12934 3
12340 3
11916 3
11104 3
11464 3
12549 3
12762 3
12933 3
12267 3
12843 3
13254 3
12906 3
12949 3
13101 3
13282 3
13055 3
12745 3
12270 3
13069 3
12754 3
12736 3
12527 3
10426 3
11722 3
12647 3
13274 3
12479 3
11578 3
12847 3
12670 3
12904 3
10765 3
11682 3
12724 3
13271 3
10703 3
12432 3
11598 3
13222 3
12871 3
11725 3
13297 3
13079 3
13269 3
12974 3
10379 3
12420 3
9585 3
9351 3
11163 3
11066 3
12685 3
12999 3
10635 3
13160 3
12215 3
10543 3
13123 3
13299 3
11900 3
13165 3
12950 3
13066 3
12461 3
13290 3
11340 3
12305 3
12936 3
12342 3
12978 3
12078 3
13002 3
12869 3
12003 3
10557 3
11921 3
12538 3
13072 3
12318 3
11637 3
13086 3
13152 3
12833 3
11721 3
13119 3
11685 3
12396 3
12477 3
12171 3
11038 3
13197 3
11335 3
13194 3
12606 3
13124 3
12749 3
12876 3
11553 3
12304 3
11440 3
11966 3
13021 3
13232 3
11543 3
12553 3
13281 3
13189 3
12440 3
11523 3
10501 3
13030 3
12204 3
12348 3
11350 3
12231 3
11609 3
12837 3
13275 3
12739 3
12253 3
12960 3
12586 3
12809 3
10818 3
10683 3
11349 3
11768 3
11572 3
11611 3
13041 3
13022 3
11665 3
12830 3
13216 3
11706 3
13175 3
9953 3
11021 3
11117 3
13173 3
11844 3
12405 3
11409 3
12355 3
12476 3
12592 3
12888 3
12259 3
13014 3
13088 3
12398 3
10721 3
12702 3
12849 3
10478 3
13149 3
12912 3
12512 3
13051 3
11767 3
12812 3
12179 3
12709 3
12962 3
13289 3
12829 3
12373 3
13224 3
10737 3
12451 3
12350 3
11418 3
12524 3
10404 3
13026 3
11539 3
12202 3
12446 3
13213 3
11172 3
10392 3
11596 3
12074 3
11935 3
12015 3
11034 3
11620 3
11651 3
12547 3
13187 3
10412 3
12986 3
12591 3
13183 3
12907 3
12992 3
9531 3
13283 3
11456 3
13047 3
12284 3
13038 3
13060 3
12314 3
12789 3
11512 3
12232 3
10653 3
13132 3
11992 3
13117 3
12886 3
12250 3
13063 3
11209 3
11042 3
11271 3
12575 3
12769 3
12828 3
13276 3
12206 3
11708 3
12579 3
12908 3
12088 3
12964 3
13234 3
13153 3
11052 3
11850 3
11902 3
12937 3
12813 3
10340 3
12278 3
13005 3
13110 3
11778 3
12905 3
11367 3
13263 3
11740 3
12085 3
11953 3
11952 3
12521 3
13115 3
13185 3
12489 3
13154 3
13159 3
12223 3
11919 3
13091 3
11205 3
12352 3
11541 3
12914 3
11858 3
12607 3
11531 3
12902 3
11155 3
13042 3
11242 3
12493 3
12590 3
12985 3
10901 3
12850 3
13113 3
11840 3
12842 3
13093 3
12982 3
12148 3
11485 3
12453 3
12692 3
12776 3
12910 3
13210 3
12819 3
13065 3
10701 3
13202 3
12237 3
12780 3
12897 3
12201 3
12764 3
12723 3
12243 3
12995 3
12827 3
12788 3
12778 3
11130 3
12054 3
11357 3
12236 3
12117 3
13157 3
12835 3
13237 3
13190 3
12669 3
10993 3
12125 3
13207 3
13211 3
11565 3
13102 3
11667 3
11996 3
12312 3
13139 3
12071 3
12898 3
13147 3
13217 3
12922 3
11455 3
11961 3
12210 3
11398 3
12444 3
12472 3
11236 3
12804 3
11614 3
13112 3
11438 3
12262 3
10973 3
12694 3
13097 3
12744 3
12445 3
13176 3
13186 3
12406 3
12785 3
11362 3
11254 3
10445 3
13059 3
12707 3
12856 3
13033 3
11671 3
10887 3
12874 3
13184 3
12296 3
10562 3
13231 3
12901 3
11847 3
12096 3
12576 3
12817 3
13111 3
9697 3
8619 3
12464 3
12147 3
11354 3
12675 3
10991 3
12891 3
12918 3
11901 3
13107 3
13212 3
12625 3
10878 3
13087 3
11569 3
13011 3
13278 3
11551 3
12313 3
12299 3
10561 3
12779 3
12468 3
12024 3
11298 3
13056 3
13074 3
11575 3
13270 3
12319 3
13010 3
12951 3
13126 3
12722 3
13104 3
12324 3
13029 3
11221 3
12798 3
12200 3
12861 3
12757 3
12954 3
12230 3
11990 3
12556 3
10696 3
13258 3
12807 3
11930 3
11138 3
12872 3
11749 3
13024 3
12814 3
12668 3
13121 3
11526 3
12455 3
13246 3
10409 3
12792 3
12025 3
12763 3
13043 3
12997 3
12929 3
13080 3
12529 3
12308 3
11884 3
13007 3
11827 3
12878 3
11557 3
11873 3
13228 3
12562 3
12970 3
10549 3
12844 3
12466 3
12063 3
12704 3
11920 3
12940 3
12186 3
12752 3
12959 3
11457 3
12335 3
13054 3
12424 4
12698 4
12058 4
11008 4
10948 4
12559 4
11454 4
10598 4
12651 4
10009 4
12412 4
12198 4
11648 4
12522 4
11471 4
12177 4
11942 4
10968 4
12065 4
11602 4
10354 4
12320 4
12351 4
11446 4
12747 4
11982 4
11751 4
12060 4
10937 4
12758 4
11571 4
12636 4
11604 4
11136 4
11752 4
11506 4
11518 4
10979 4
10165 4
11060 4
12689 4
9628 4
12354 4
11963 4
12678 4
12160 4
11696 4
12695 4
9361 4
12392 4
12109 4
12545 4
12729 4
11162 4
10151 4
11987 4
11853 4
12049 4
12639 4
10980 4
12321 4
11097 4
12690 4
12216 4
12596 4
12356 4
12130 4
11743 4
12217 4
11026 4
11275 4
11116 4
12149 4
10735 4
12626 4
12608 4
11618 4
12379 4
12067 4
11912 4
12437 4
11794 4
11944 4
11228 4
11280 4
11593 4
12659 4
12098 4
10337 4
12578 4
12627 4
11946 4
12257 4
10362 4
12650 4
10540 4
10307 4
12593 4
10453 4
11960 4
12571 4
12139 4
11297 4
12487 4
12599 4
12561 4
11017 4
11805 4
11300 4
12347 4
12550 4
12028 4
11586 4
12371 4
11612 4
10156 4
11594 4
11691 4
11748 4
11072 4
12066 4
10010 4
11181 4
12007 4
11788 4
11148 4
12135 4
10726 4
10963 4
11905 4
12185 4
11608 4
10613 4
9430 4
10512 4
12265 4
12409 4
12297 4
12703 4
12105 4
11782 4
12506 4
12338 4
9130 4
11103 4
9468 4
12564 4
12134 4
11661 4
9580 4
11185 4
10217 4
12272 4
12682 4
10994 4
10951 4
10034 4
10083 4
11249 4
11684 4
12721 4
10695 4
9870 4
10946 4
11709 4
10952 4
10911 4
10255 4
9975 4
12402 4
12417 4
10267 4
11954 4
11135 4
12657 4
12046 4
11927 4
12456 4
10436 4
11246 4
11880 4
11652 4
10477 4
12505 4
10391 4
12500 4
11710 4
11811 4
10591 4
11002 4
12199 4
12601 4
12706 4
11462 4
12089 4
12332 4
11784 4
11239 4
11688 4
11057 4
12534 4
10953 4
11986 4
11548 4
11382 4
12061 4
10547 4
12288 4
12079 4
12713 4
10542 4
12716 4
12642 4
12119 4
11745 4
10209 4
12666 4
10876 4
12187 4
10351 4
12741 4
11076 4
12737 4
11785 4
12697 4
10940 4
11513 4
12307 4
10388 4
11353 4
12714 4
11590 4
11816 4
11947 4
12124 4
11563 4
12106 4
12436 4
11450 4
11321 4
10341 4
12152 4
12349 4
12565 4
12301 4
11666 4
12543 4
12205 4
11803 4
10188 4
11965 4
10323 4
9829 4
11043 4
9508 4
11983 4
12463 4
11404 4
11595 4
11019 4
11664 4
12345 4
9671 4
12573 4
11887 4
12537 4
12275 4
11761 4
11908 4
12613 4
10138 4
9973 4
11006 4
12399 4
11234 4
11171 4
11642 4
11861 4
12190 4
8682 4
12327 4
12077 4
12649 4
10482 4
10977 4
12683 4
10152 4
12454 4
10819 4
12403 4
12207 4
10945 4
11121 4
12317 4
10528 4
10962 4
12191 4
12637 4
10119 4
11695 4
12330 4
11363 4
12357 4
11407 4
11146 4
11627 4
12516 4
12110 4
11600 4
12213 4
12311 4
12422 4
12574 4
12087 4
12389 4
11581 4
11410 4
12679 4
12628 4
12306 4
12038 4
12416 4
12031 4
12457 4
11855 4
12331 4
11881 4
12458 4
11460 4
12375 4
12184 4
10474 4
11766 4
10125 4
12228 4
11100 4
11854 4
11191 4
12492 4
12151 4
11750 4
12226 4
11306 4
12219 4
12274 4
12743 4
12390 4
10015 4
9478 4
11742 4
10565 4
11157 4
9093 4
11429 4
12504 4
10741 4
12333 4
12126 4
12541 4
12208 4
12520 4
12684 4
12004 4
12370 4
12115 4
12222 4
12316 4
12652 4
12712 4
11974 4
10147 4
11131 4
10982 4
10956 4
11040 4
10931 4
12587 4
11447 4
11601 4
10814 4
12144 4
9239 4
10245 4
12581 4
12042 4
11127 4
12309 4
10284 4
12266 4
11924 4
11573 4
10381 4
12498 4
12715 4
10824 4
12560 4
12563 4
9889 4
11727 4
9903 4
11402 4
11240 4
12428 4
12731 4
12602 4
10918 4
11677 4
10003 4
12548 4
11500 4
9606 4
12091 4
12093 4
11605 4
12434 4
11707 4
12480 4
12260 4
11077 4
12496 4
11056 4
12640 4
11480 4
12633 4
10060 4
9637 4
12037 4
11639 4
12623 4
11826 4
11064 4
12750 4
12377 4
9261 4
11892 4
11150 4
12488 4
12249 4
10014 4
12644 4
12323 4
11365 4
9597 4
11394 4
12261 4
11939 4
11508 4
10678 4
11391 4
10837 4
11896 4
10743 4
12634 4
11065 4
12619 4
11184 4
11428 4
10794 4
11168 4
12234 4
12233 4
11261 4
11141 4
12022 4
11134 4
10685 4
11956 4
12121 4
10842 4
10847 4
10810 4
12663 4
12431 4
12588 4
12733 4
11802 4
11979 4
11582 4
12569 4
12157 4
11702 4
12486 4
11347 4
11632 4
12293 4
11925 4
12677 4
11392 4
11277 4
10605 4
12681 4
10615 4
12473 4
9539 4
12023 4
12753 4
12382 4
9802 4
9743 4
12161 4
10616 4
11926 4
12497 4
12328 4
12122 4
12145 4
10106 4
11290 4
9853 4
11329 4
12362 4
12045 4
10322 4
12620 4
10840 4
12629 4
12361 4
12374 4
12026 4
12326 4
12528 4
12614 4
12415 4
9131 4
12268 4
9232 4
12258 4
12622 4
11027 4
10413 4
10560 4
12325 4
10930 4
11726 4
10030 4
12720 4
12460 4
12141 4
10419 4
12378 4
12090 4
11469 4
11092 4
12245 4
11373 4
12508 4
12053 4
12386 4
11180 4
12519 4
11837 4
12717 4
11786 4
9918 4
11845 4
12209 4
11266 4
9904 4
12407 4
12583 4
11621 4
11376 4
12708 4
12138 4
11777 4
10047 4
10531 4
11931 4
12514 4
11122 4
10497 4
11426 4
12140 4
12388 4
12728 4
12033 4
11587 4
11521 4
11568 4
12470 4
11451 4
12108 4
10909 4
12540 4
9954 4
11423 4
11737 4
11733 4
10339 4
10584 4
12577 4
12401 4
12462 4
12465 4
10944 4
12589 4
12530 4
12168 4
10517 4
11473 4
11336 4
12478 4
11299 4
10500 4
12546 4
10273 4
10702 4
12501 4
12032 4
10534 4
12585 4
11585 4
12672 4
11891 4
11560 4
12343 4
10000 4
9526 4
12294 4
11607 4
11530 4
12080 4
9937 4
12511 4
11869 4
10778 4
12483 4
11037 4
12172 4
12252 4
12142 4
9625 4
12173 4
11729 4
11724 4
10239 4
12057 4
10158 4
12153 4
11646 4
12159 4
12542 4
12676 4
11075 4
11624 4
11895 4
11738 4
12068 4
10145 4
11757 4
12551 4
12609 4
11527 4
9226 4
10488 4
11779 4
12269 4
10264 4
10408 4
12439 4
12482 4
12414 4
12221 4
10473 4
12532 4
12104 4
12425 4
11899 4
11378 4
11264 4
12300 4
11351 4
12229 4
11870 4
12194 4
10296 4
11313 4
12671 4
12334 4
9896 4
11701 4
10399 4
11675 4
11096 4
12395 4
11680 4
11705 4
12552 4
11810 4
11836 4
12755 4
12137 4
12730 4
11823 4
12507 4
11435 4
10862 4
12127 4
12448 4
12656 4
11542 4
10451 4
12256 4
11852 4
12557 4
11544 4
12360 4
12624 4
12499 4
12719 4
11734 4
12648 4
11387 4
12570 4
11650 4
11876 4
11323 4
11505 4
12662 4
11903 4
11318 4
11330 4
9738 4
12638 4
10935 4
12531 4
12742 4
10856 4
12051 4
11510 4
12711 4
11458 4
11997 4
11591 4
10611 4
12481 4
12366 4
11348 4
12450 4
11762 4
11322 4
10527 4
11631 4
11532 4
10279 4
10187 4
12693 4
12242 4
12329 4
10987 4
12705 4
12182 4
10202 4
12443 4
10396 4
12225 4
12376 4
12244 4
10176 4
10345 4
12509 4
9449 4
11972 4
9777 4
11520 4
12654 4
12385 4
11838 4
12604 4
12485 4
12189 4
11227 4
12536 4
10997 4
12408 4
11938 4
11713 4
11867 5
10282 5
10707 5
11059 5
12030 5
10768 5
9988 5
11625 5
11079 5
11517 5
11325 5
10651 5
11528 5
11770 5
10427 5
11820 5
11393 5
11039 5
10320 5
11674 5
10673 5
10960 5
11948 5
10830 5
10662 5
11769 5
10903 5
10942 5
10687 5
11672 5
9605 5
9368 5
10455 5
10832 5
10157 5
11194 5
10533 5
12012 5
11436 5
11773 5
11774 5
9723 5
10845 5
10872 5
12027 5
11633 5
10029 5
11110 5
8919 5
11653 5
11846 5
12120 5
10891 5
10989 5
11579 5
10851 5
10760 5
10652 5
10821 5
10884 5
11158 5
11324 5
11597 5
11013 5
11933 5
12095 5
10919 5
9716 5
12116 5
10525 5
11011 5
11764 5
9790 5
11739 5
12169 5
12006 5
11893 5
11472 5
10438 5
9940 5
10992 5
11015 5
10983 5
12062 5
10074 5
9921 5
11519 5
11345 5
9917 5
11360 5
10493 5
10017 5
10476 5
11183 5
11753 5
11304 5
11224 5
12036 5
12097 5
11849 5
11089 5
12166 5
10921 5
7904 5
10751 5
9443 5
10326 5
11894 5
10583 5
11929 5
10416 5
10913 5
11031 5
11655 5
11388 5
11147 5
10871 5
9839 5
11859 5
11296 5
11496 5
12195 5
11377 5
11719 5
9423 5
12043 5
11606 5
11515 5
11054 5
10554 5
11799 5
11343 5
11914 5
10728 5
10924 5
10113 5
11559 5
10518 5
11315 5
10462 5
10287 5
10807 5
11270 5
11179 5
11874 5
10679 5
10526 5
11943 5
10220 5
11476 5
10939 5
10820 5
9986 5
11832 5
11288 5
11501 5
9867 5
11857 5
11431 5
10037 5
12035 5
12044 5
11830 5
11247 5
11907 5
9474 5
10736 5
11599 5
11166 5
11243 5
11815 5
10587 5
9519 5
9762 5
11589 5
9582 5
9200 5
9346 5
11020 5
12113 5
10489 5
9127 5
10389 5
10863 5
12048 5
12165 5
10079 5
11754 5
11732 5
10654 5
9360 5
11955 5
11449 5
11093 5
11819 5
11574 5
10465 5
12039 5
10619 5
10938 5
10418 5
12055 5
10632 5
10213 5
11717 5
9780 5
11959 5
10614 5
10447 5
9907 5
11866 5
9208 5
11865 5
11781 5
11023 5
10304 5
11780 5
9923 5
11711 5
10803 5
10732 5
10812 5
11453 5
11292 5
11636 5
11273 5
11678 5
11793 5
11413 5
10387 5
11969 5
12143 5
11217 5
11177 5
10709 5
11524 5
10777 5
11274 5
10612 5
11628 5
10829 5
11475 5
11068 5
11856 5
11758 5
11679 5
10135 5
11662 5
10278 5
7940 5
10815 5
11825 5
11487 5
10976 5
10552 5
11645 5
11936 5
11890 5
10498 5
10785 5
11167 5
11843 5
9032 5
10877 5
12133 5
10984 5
10869 5
10888 5
11714 5
11917 5
11170 5
10564 5
11659 5
10343 5
10664 5
11700 5
10309 5
10771 5
12029 5
8718 5
11796 5
11070 5
8988 5
11160 5
11703 5
10811 5
8704 5
11689 5
12073 5
12034 5
10398 5
11425 5
10429 5
10128 5
10432 5
11540 5
9972 5
9955 5
11760 5
11712 5
9575 5
10484 5
9488 5
11257 5
8705 5
11018 5
8772 5
11580 5
9850 5
11809 5
11293 5
9439 5
9142 5
11981 5
10293 5
11316 5
9971 5
10268 5
11088 5
12002 5
11562 5
11145 5
11372 5
11957 5
11922 5
11534 5
11434 5
10064 5
11511 5
11396 5
11928 5
11771 5
12000 5
10932 5
11669 5
11806 5
12193 5
11851 5
11106 5
10219 5
11178 5
11967 5
9962 5
11716 5
11821 5
9640 5
11241 5
9453 5
9913 5
11028 5
10718 5
11619 5
11795 5
12050 5
11371 5
11824 5
10191 5
11658 5
10981 5
11203 5
10105 5
10555 5
9445 5
9900 5
11326 5
10774 5
10645 5
10761 5
12019 5
11570 5
11310 5
9037 5
12136 5
8475 5
11720 5
12103 5
11102 5
9615 5
10038 5
12131 5
9543 5
11278 5
10053 5
8566 5
11971 5
12082 5
11484 5
10516 5
11860 5
11681 5
10835 5
10192 5
11061 5
10107 5
11258 5
11759 5
11374 5
11718 5
9441 5
11035 5
9897 5
12094 5
12013 5
11790 5
10749 5
10642 5
9501 5
11923 5
11801 5
11107 5
10095 5
11311 5
11327 5
9385 5
10852 5
10634 5
9725 5
11389 5
11331 5
11009 5
10617 5
10467 5
9784 5
10784 5
12017 5
11383 5
12005 5
11831 5
11522 5
10121 5
11230 5
11032 5
11499 5
11741 5
11978 5
11699 5
9938 5
10655 5
10603 5
10961 5
9719 5
12081 5
11379 5
11940 5
11154 5
11693 5
11328 5
8080 5
11932 5
10656 5
11588 5
11509 5
8134 5
10608 5
11775 5
10390 5
11985 5
12156 5
11698 5
10900 5
11470 5
12107 5
11424 5
9083 5
12163 5
12001 5
10132 5
10826 5
11613 5
10868 5
11468 5
9559 5
11090 5
10475 5
11319 5
11195 5
11030 5
10080 5
11567 5
11547 5
10870 5
10949 5
11132 5
10459 5
11813 5
11976 5
12070 5
10841 5
10779 5
11822 5
10623 5
11817 5
9357 5
11053 5
9759 5
10499 5
11910 5
11210 5
11206 5
11369 5
12197 5
10538 5
10581 5
10714 5
9964 5
9469 5
10866 5
10515 5
9465 5
11617 5
11583 5
11635 5
9888 5
12100 5
9258 5
11400 5
9961 5
11005 5
10062 5
11654 5
11041 5
11050 5
11863 5
11452 5
10906 5
11359 5
11125 5
10007 5
11592 5
12021 5
12014 5
11864 5
11287 5
11507 5
10530 5
11918 5
12123 5
10684 5
11800 5
11818 5
11829 5
11279 5
10965 5
10397 5
9426 5
11285 5
10800 5
11001 5
12112 5
12175 5
11415 5
11493 5
12056 5
12040 5
12076 5
9713 5
11495 5
11397 5
9989 5
9731 5
11437 5
11265 5
11419 5
10545 5
11644 5
11747 5
7561 5
9280 5
11676 5
11339 5
9949 5
11308 5
10420 5
9540 5
11095 5
9879 5
11235 5
11368 5
11977 5
11433 5
11175 5
11504 5
11115 5
11787 5
11139 5
11564 5
8757 5
9077 5
10699 5
11337 5
10660 5
11683 5
11262 5
12072 5
12176 5
11129 5
10899 5
11980 5
8880 5
12009 5
9133 5
12180 5
11198 5
10424 5
10194 5
11746 5
12016 5
10087 5
12118 5
11744 5
11715 5
11281 5
9629 5
10697 5
11897 5
10776 5
10640 5
10759 5
11889 5
10698 5
11051 5
10892 5
12011 5
10850 5
11835 5
12178 5
10480 5
11789 5
11566 5
10021 5
11735 5
11395 5
8839 5
10360 5
11984 5
11808 5
11603 5
10415 5
11137 5
10402 5
11988 5
11798 5
11804 5
10855 5
10799 5
11882 5
11029 5
10048 5
11286 5
12008 5
11401 5
11416 5
9739 5
8905 5
12150 5
10276 5
8858 5
11537 5
10369 5
10224 5
11934 5
8873 5
10400 5
11430 5
10507 5
11991 5
10485 5
11647 5
11364 5
9499 5
9140 5
11554 5
9225 5
9803 5
11673 5
10574 5
11482 5
11615 5
9722 5
10767 5
11841 5
10532 5
8261 5
10823 5
11958 5
10902 5
10491 5
11879 5
11062 5
11797 5
9869 5
11295 5
11063 5
11441 5
9451 5
9908 5
11408 5
12064 5
12196 5
10773 5
11112 5
11970 5
10200 5
10925 5
12059 5
9473 5
10370 5
10943 5
8929 5
11333 5
9890 5
10430 5
11556 5
10238 5
11071 5
11690 5
10184 5
9894 5
10295 5
12047 5
9727 5
11915 5
11491 5
11187 5
9454 5
10550 5
11629 5
11047 5
12132 5
11998 5
9627 5
11384 5
10926 5
11697 5
11941 5
10553 5
11763 5
11630 5
11913 5
11411 5
11828 5
11878 5
9906 5
11119 5
11263 5
9354 5
11731 5
12183 5
11792 5
10496 5
11124 5
11687 5
12170 5
11871 5
11497 5
11529 5
9050 5
11525 5
11649 5
12128 5
10889 5
10750 5
10988 5
11812 5
10266 5
12158 5
11212 5
12092 5
11807 5
11549 5
8762 6
9649 6
11229 6
10631 6
11078 6
11481 6
10885 6
11385 6
9192 6
11022 6
10403 6
9467 6
9300 6
9084 6
10825 6
11380 6
11283 6
10378 6
9491 6
10394 6
8658 6
10816 6
9648 6
9382 6
11412 6
11010 6
11105 6
10764 6
9059 6
8441 6
9417 6
11201 6
9447 6
9935 6
10752 6
11479 6
10051 6
9622 6
10806 6
11036 6
10242 6
8983 6
9524 6
7322 6
10573 6
10281 6
10057 6
9039 6
10297 6
10018 6
9658 6
10720 6
8738 6
10302 6
9711 6
10974 6
9941 6
11463 6
9595 6
11320 6
10243 6
9536 6
8817 6
7036 6
10410 6
10860 6
11253 6
9805 6
8831 6
11226 6
10969 6
11080 6
10325 6
8030 6
9161 6
10705 6
11153 6
10032 6
11222 6
10972 6
10036 6
11033 6
11255 6
8646 6
10016 6
9304 6
11366 6
11535 6
10195 6
10804 6
11069 6
11338 6
7897 6
10725 6
10479 6
11126 6
10252 6
9060 6
11442 6
10120 6
11149 6
8982 6
11346 6
9677 6
10175 6
10905 6
11186 6
9815 6
11269 6
7983 6
10104 6
11445 6
10834 6
10442 6
9333 6
11420 6
11159 6
9482 6
11421 6
10875 6
9846 6
10744 6
9901 6
9484 6
10873 6
11140 6
11492 6
11251 6
10789 6
10103 6
11399 6
10359 6
8324 6
9726 6
8180 6
10836 6
11165 6
9428 6
10585 6
7933 6
10996 6
10896 6
11309 6
10172 6
9324 6
8942 6
10693 6
9298 6
11143 6
10178 6
11341 6
9270 6
10599 6
11045 6
8057 6
11439 6
11084 6
10434 6
11081 6
9942 6
10769 6
10923 6
11044 6
10839 6
10286 6
10490 6
11152 6
11211 6
9932 6
11555 6
9603 6
8270 6
11477 6
11344 6
9470 6
10382 6
11558 6
9862 6
9588 6
8098 6
9927 6
9928 6
11267 6
11490 6
9848 6
10464 6
10342 6
10880 6
10958 6
9181 6
11245 6
10166 6
10941 6
9982 6
10571 6
9644 6
10237 6
10306 6
10177 6
10667 6
10805 6
10582 6
8255 6
9196 6
9591 6
8745 6
10357 6
8974 6
10844 6
11238 6
10798 6
10159 6
11174 6
10421 6
8764 6
8688 6
11220 6
9679 6
10822 6
10167 6
10621 6
10990 6
9981 6
9863 6
9695 6
10529 6
10959 6
10770 6
9150 6
8251 6
6986 6
9861 6
11176 6
11196 6
11448 6
9856 6
10504 6
10505 6
9880 6
9380 6
10406 6
11334 6
10422 6
9983 6
9944 6
11087 6
11083 6
10092 6
7922 6
11459 6
10636 6
10978 6
10729 6
9481 6
10511 6
9753 6
9950 6
9016 6
10466 6
10890 6
10682 6
9893 6
10102 6
10259 6
11074 6
9745 6
9544 6
8742 6
11123 6
10659 6
10004 6
9436 6
10874 6
10556 6
10154 6
10395 6
11188 6
9980 6
10012 6
10411 6
10593 6
10904 6
11128 6
9776 6
10227 6
10674 6
10170 6
8875 6
11417 6
8716 6
11046 6
8640 6
10407 6
7628 6
10927 6
11151 6
9933 6
10908 6
9503 6
10008 6
9902 6
10788 6
7938 6
10457 6
10833 6
9071 6
10575 6
11358 6
8120 6
10596 6
9920 6
9746 6
10999 6
9379 6
11073 6
10508 6
10865 6
10648 6
11422 6
10668 6
8987 6
10005 6
10954 6
10449 6
10321 6
10372 6
11390 6
9796 6
10986 6
8906 6
8405 6
8947 6
11301 6
9614 6
10031 6
11405 6
10740 6
10576 6
11120 6
10563 6
10376 6
11250 6
9406 6
8726 6
10758 6
9389 6
10346 6
11161 6
9556 6
10601 6
11538 6
10495 6
11272 6
11193 6
10724 6
10101 6
9052 6
10672 6
11118 6
9429 6
10361 6
11244 6
10425 6
10433 6
10246 6
9609 6
10647 6
11305 6
10955 6
8598 6
9413 6
11182 6
11444 6
11016 6
9034 6
11352 6
11260 6
10854 6
9966 6
9970 6
10746 6
9012 6
11466 6
10536 6
8084 6
9931 6
11208 6
10558 6
10448 6
10795 6
10299 6
9265 6
11085 6
8115 6
11552 6
10624 6
9742 6
9561 6
11342 6
10551 6
11478 6
11546 6
10995 6
10350 6
10050 6
10185 6
10452 6
11048 6
10513 6
10646 6
9792 6
11237 6
11386 6
10775 6
10929 6
10715 6
9857 6
8518 6
9134 6
10208 6
9342 6
9681 6
10600 6
10261 6
11108 6
11133 6
10199 6
10435 6
11025 6
10228 6
8390 6
10116 6
7603 6
11197 6
11432 6
11414 6
9516 6
10207 6
9206 6
9514 6
10622 6
11303 6
10801 6
9373 6
11467 6
9287 6
9515 6
10754 6
9458 6
10666 6
10514 6
10223 6
9446 6
11114 6
10625 6
11218 6
9636 6
10377 6
10183 6
10730 6
10141 6
11232 6
11024 6
10597 6
10027 6
8580 6
10288 6
11291 6
9712 6
11231 6
9643 6
10858 6
10275 6
10755 6
9048 6
9978 6
10857 6
10171 6
10671 6
9952 6
11282 6
9704 6
11144 6
9608 6
10936 6
11488 6
8692 6
10786 6
9366 6
11225 6
10537 6
10882 6
8300 6
9552 6
9827 6
10975 6
8311 6
10214 6
9945 6
8151 6
10502 6
8394 6
9173 6
8493 6
8879 6
11533 6
11276 6
10588 6
10570 6
9541 6
9135 6
10548 6
9891 6
10058 6
8673 6
11219 6
9828 6
11443 6
10524 6
11259 6
9675 6
9425 6
11004 6
9993 6
9172 6
10173 6
10681 6
10559 6
10637 6
10883 6
9551 6
9883 6
9657 6
11189 6
11192 6
11007 6
10686 6
9187 6
8140 6
9041 6
10294 6
11082 6
11355 6
10690 6
9758 6
10520 6
10541 6
7077 6
10676 6
10742 6
8032 6
8173 6
10998 6
7728 6
11233 6
10206 6
10506 6
11207 6
11156 6
9946 6
8996 6
9009 6
10327 6
10719 6
10922 6
10716 6
11213 6
8968 6
9887 6
10971 6
8387 6
10950 6
9708 6
9825 6
9915 6
10781 6
10762 6
10808 6
10071 6
11370 6
10270 6
10393 6
10657 6
11049 6
9490 6
11003 6
8744 6
10033 6
9631 6
9350 6
11142 6
10670 6
11190 6
11098 6
9177 6
10881 6
11204 6
11486 6
7880 6
8541 6
10450 6
9169 6
10022 6
8236 6
11483 6
11086 6
11332 6
10046 6
10216 6
9674 6
9623 6
10044 6
10492 6
11516 6
11494 6
11252 6
11427 6
10417 6
11465 6
11489 6
10739 6
9806 6
10093 6
10405 6
11361 6
10225 6
8954 6
8530 6
9096 6
8090 6
9511 6
7081 6
10148 6
11000 6
10589 6
10143 6
9761 6
11109 6
10160 6
9028 6
8633 6
8767 6
11403 6
10114 6
8712 6
11169 6
10042 6
8888 6
10126 6
9386 6
10757 6
11268 6
10916 6
10569 6
10747 6
9755 7
9306 7
9620 7
10290 7
8307 7
10248 7
10756 7
10609 7
8637 7
9700 7
9593 7
8780 7
10790 7
9692 7
10070 7
10150 7
10292 7
9807 7
9793 7
7384 7
10086 7
9018 7
10112 7
8469 7
7306 7
9419 7
10914 7
8362 7
10163 7
10347 7
9724 7
8938 7
10753 7
10704 7
10510 7
9064 7
9688 7
10440 7
10738 7
10481 7
10454 7
10539 7
10879 7
10305 7
9273 7
10124 7
9542 7
10094 7
8614 7
9707 7
9165 7
8976 7
9673 7
8178 7
8885 7
9250 7
7406 7
10314 7
9520 7
10861 7
6315 7
10618 7
9878 7
10006 7
9527 7
9641 7
10859 7
8639 7
10544 7
9977 7
10727 7
9418 7
9387 7
9403 7
10766 7
10780 7
10139 7
9840 7
10717 7
10700 7
9717 7
9160 7
8994 7
9786 7
9999 7
10236 7
9125 7
9663 7
9530 7
7572 7
10073 7
8848 7
9316 7
9795 7
9899 7
10523 7
9943 7
9014 7
10129 7
10363 7
10142 7
9576 7
9141 7
8231 7
8691 7
7048 7
9701 7
9214 7
9497 7
10680 7
9985 7
7989 7
7974 7
9219 7
10179 7
10772 7
8980 7
8661 7
7786 7
9876 7
8424 7
10463 7
9221 7
10796 7
8089 7
9234 7
9693 7
10118 7
9638 7
8046 7
10091 7
9584 7
10886 7
10710 7
10269 7
10211 7
10380 7
8978 7
10020 7
10338 7
10319 7
9911 7
9729 7
9019 7
10669 7
10358 7
10055 7
8768 7
9854 7
7789 7
8973 7
10928 7
8476 7
10592 7
9757 7
8642 7
8779 7
10096 7
9053 7
10190 7
9548 7
7873 7
10787 7
9240 7
9885 7
9732 7
9871 7
9367 7
9095 7
9583 7
7847 7
8368 7
8070 7
9568 7
8915 7
8201 7
10041 7
10013 7
10002 7
9113 7
8883 7
8834 7
9741 7
10522 7
10849 7
9586 7
9525 7
7276 7
10864 7
9023 7
8916 7
9035 7
8727 7
6781 7
9326 7
7837 7
9579 7
7580 7
9778 7
8585 7
10066 7
9249 7
9824 7
9437 7
8556 7
8600 7
8213 7
9639 7
9243 7
7833 7
8203 7
9672 7
8147 7
10115 7
9926 7
8925 7
10308 7
9444 7
10793 7
9088 7
9359 7
9485 7
10108 7
9087 7
9476 7
8143 7
9505 7
10809 7
9010 7
9884 7
9395 7
8468 7
8335 7
9272 7
7068 7
9110 7
8965 7
10355 7
9356 7
9656 7
9765 7
9892 7
10186 7
9587 7
10629 7
7981 7
7608 7
9604 7
10586 7
10444 7
10817 7
9833 7
9775 7
8392 7
10692 7
7797 7
8645 7
9201 7
10127 7
10579 7
9661 7
9665 7
9947 7
10628 7
9912 7
10503 7
9691 7
10043 7
10546 7
8128 7
10331 7
10226 7
7906 7
10203 7
10222 7
8308 7
7745 7
8449 7
10001 7
10428 7
8677 7
8243 7
10441 7
8881 7
10365 7
7718 7
9873 7
10075 7
10461 7
10181 7
9714 7
9308 7
9457 7
10731 7
9176 7
10028 7
7884 7
9347 7
9339 7
10578 7
8412 7
10649 7
7337 7
9044 7
9567 7
7751 7
10910 7
9381 7
10568 7
10300 7
8713 7
10630 7
8644 7
9073 7
10665 7
9787 7
10894 7
8536 7
10446 7
9611 7
8522 7
10231 7
10590 7
9282 7
9435 7
9698 7
10349 7
9702 7
10897 7
10414 7
9865 7
10472 7
9152 7
10146 7
9216 7
9868 7
9149 7
10486 7
10289 7
10791 7
10797 7
8674 7
9197 7
9154 7
8884 7
8250 7
8107 7
10713 7
8225 7
10733 7
8193 7
10352 7
9882 7
10374 7
8433 7
10675 7
9414 7
9969 7
10298 7
8724 7
8908 7
10456 7
8951 7
9318 7
9518 7
10301 7
6880 7
8634 7
8464 7
7727 7
9958 7
10694 7
10595 7
8621 7
9170 7
8792 7
9830 7
9965 7
10260 7
10689 7
9293 7
9733 7
8917 7
10078 7
9500 7
9528 7
8594 7
9855 7
10258 7
9934 7
10638 7
7759 7
10763 7
8847 7
9183 7
10161 7
9772 7
9495 7
10843 7
10373 7
10602 7
9696 7
9517 7
9610 7
8524 7
8822 7
10221 7
10677 7
7736 7
10907 7
7913 7
9592 7
10040 7
10846 7
10867 7
10620 7
9821 7
9137 7
9646 7
9269 7
10265 7
10567 7
10233 7
10168 7
8851 7
10045 7
9798 7
9851 7
9769 7
9493 7
9480 7
8142 7
10633 7
8964 7
9191 7
10229 7
7205 7
9709 7
10643 7
10734 7
9837 7
9872 7
10423 7
9864 7
9085 7
8221 7
8043 7
9254 7
8945 7
10658 7
10283 7
10133 7
8581 7
10196 7
10641 7
8436 7
10180 7
9061 7
9158 7
10663 7
10169 7
10250 7
9566 7
10783 7
10802 7
8668 7
10934 7
10606 7
9835 7
9668 7
10068 7
10577 7
10249 7
10054 7
9412 7
8891 7
8377 7
9056 7
10712 7
10468 7
10069 7
9433 7
10123 7
9925 7
10039 7
8588 7
8486 7
8064 7
10049 7
10535 7
8593 7
9471 7
10519 7
10254 7
9699 7
8909 7
8458 7
9343 7
8020 7
9175 7
10100 7
9512 7
10688 7
10136 7
9292 7
8967 7
9664 7
10251 7
7703 7
9205 7
7802 7
10650 7
9038 7
8697 7
9967 7
9334 7
7387 7
9659 7
10626 7
8485 7
10247 7
10792 7
10155 7
8582 7
9987 7
7350 7
9229 7
8086 7
9678 7
10348 7
9959 7
10431 7
10329 7
9227 7
10334 7
9979 7
8715 7
9581 7
9634 7
7995 7
8963 7
10117 7
9394 7
10915 7
9843 7
9322 7
8402 7
9740 7
10384 7
9235 7
9774 7
9632 7
10831 7
10566 7
10111 7
9251 7
8850 7
9092 7
9072 7
9193 7
10274 7
9253 7
8791 7
10353 7
9728 7
10722 7
9459 7
9968 7
9452 7
10324 7
9456 7
9407 7
10144 7
8735 7
9510 7
10933 7
10197 7
10893 7
9310 7
9766 7
9314 7
10813 7
9040 7
10277 7
9550 7
9043 7
9683 7
8725 7
10443 7
8304 7
8039 7
9744 7
9600 7
7357 7
10580 7
8194 7
10898 7
9990 7
9976 7
10469 7
9218 7
10026 7
10827 7
10280 7
9598 7
10639 7
10234 7
10607 7
10366 7
8262 7
10164 7
10782 7
8352 7
9689 7
10594 7
9375 7
10748 7
7601 7
10328 7
8110 7
9831 7
9779 7
9163 7
10356 7
9462 7
10521 7
9411 7
9396 7
8641 7
8751 7
9794 7
10335 7
10572 7
10610 7
10367 7
9859 7
10385 7
9734 7
8808 7
10162 7
8754 7
8807 7
8228 7
10661 7
10691 7
10315 7
9123 7
10627 7
8499 7
9735 7
9076 7
10401 7
9809 7
8741 7
9266 7
9616 7
10711 7
10917 7
8209 7
10853 7
10470 7
10723 7
8862 7
9410 7
7828 7
8603 7
9115 7
8569 7
9217 7
10201 7
9448 8
9752 8
7334 8
8163 8
8734 8
9995 8
9669 8
7646 8
7876 8
10271 8
9230 8
10375 8
9422 8
9455 8
9860 8
9686 8
9442 8
9800 8
6527 8
9331 8
9031 8
9718 8
9109 8
7903 8
8960 8
10182 8
10019 8
9910 8
8773 8
8552 8
9129 8
9789 8
7809 8
7408 8
8413 8
8592 8
8991 8
9144 8
6657 8
9168 8
8554 8
10137 8
9015 8
8513 8
9479 8
9301 8
8169 8
9589 8
9783 8
8752 8
9905 8
9653 8
8736 8
8985 8
8796 8
9506 8
10204 8
10063 8
8663 8
8571 8
8895 8
7481 8
10061 8
8298 8
9438 8
8016 8
6329 8
8783 8
9534 8
7908 8
10336 8
8832 8
8719 8
8788 8
7713 8
9596 8
10312 8
8097 8
7369 8
9185 8
10285 8
8288 8
8483 8
10205 8
9549 8
8314 8
6708 8
9241 8
9754 8
8857 8
9492 8
9007 8
9590 8
9875 8
9033 8
8667 8
7626 8
7677 8
7208 8
9930 8
8322 8
7749 8
8346 8
9768 8
9791 8
10082 8
9799 8
8894 8
8966 8
8548 8
9383 8
8161 8
9202 8
9996 8
8961 8
10109 8
9277 8
9257 8
8238 8
6765 8
8799 8
10232 8
8009 8
10035 8
8130 8
10067 8
10291 8
9630 8
9812 8
7551 8
8997 8
6909 8
9082 8
10025 8
8681 8
9329 8
7392 8
8138 8
10088 8
9263 8
10311 8
7706 8
10130 8
8105 8
8162 8
9068 8
8568 8
9554 8
7710 8
8168 8
8563 8
8516 8
9362 8
9238 8
9522 8
8149 8
9008 8
9099 8
8670 8
8572 8
8698 8
7107 8
9797 8
9372 8
8550 8
8095 8
9690 8
9338 8
10333 8
8224 8
7746 8
10023 8
8567 8
9684 8
9756 8
10235 8
9951 8
8837 8
9463 8
8292 8
7320 8
8350 8
8749 8
9215 8
8099 8
8855 8
8596 8
10244 8
6790 8
8989 8
9011 8
9720 8
9573 8
9613 8
8409 8
9844 8
8843 8
8139 8
9654 8
8833 8
8146 8
10081 8
8659 8
8329 8
9303 8
8289 8
9042 8
9810 8
9666 8
8295 8
9948 8
9685 8
9302 8
6993 8
8826 8
9555 8
9560 8
9114 8
9994 8
9111 8
8574 8
10077 8
10241 8
9464 8
8927 8
8699 8
8999 8
8856 8
7669 8
9116 8
9078 8
8775 8
8785 8
9513 8
9236 8
8463 8
7929 8
9922 8
7699 8
9327 8
8242 8
8535 8
9321 8
7967 8
10330 8
8728 8
7773 8
8333 8
10230 8
8720 8
8813 8
8414 8
9121 8
8332 8
9521 8
8160 8
9572 8
7782 8
9404 8
8017 8
10310 8
10364 8
8910 8
9399 8
8101 8
9909 8
8830 8
9276 8
8877 8
6841 8
9749 8
9842 8
8508 8
9562 8
8819 8
7888 8
8816 8
8750 8
8793 8
9246 8
8694 8
8732 8
9635 8
9494 8
7925 8
9262 8
8356 8
9898 8
10099 8
9461 8
8077 8
8078 8
9919 8
8374 8
10210 8
9960 8
8656 8
10174 8
8630 8
9416 8
8125 8
8156 8
8438 8
9939 8
9151 8
9004 8
8351 8
7793 8
7477 8
10303 8
7507 8
9818 8
10089 8
9139 8
8903 8
8829 8
10215 8
10193 8
9667 8
9405 8
7423 8
8416 8
9642 8
7383 8
8371 8
7973 8
8805 8
8538 8
9299 8
7971 8
9117 8
9118 8
7621 8
9997 8
9655 8
10368 8
8969 8
9228 8
10149 8
9650 8
9365 8
8561 8
8440 8
9005 8
10332 8
9992 8
8515 8
9538 8
9320 8
9024 8
5846 8
9914 8
9957 8
8411 8
8590 8
10212 8
8011 8
9267 8
7177 8
8899 8
9388 8
9564 8
7274 8
9936 8
8870 8
10256 8
9063 8
9565 8
8801 8
10240 8
5978 8
9203 8
9599 8
8737 8
7737 8
8145 8
10098 8
9378 8
8984 8
8795 8
8035 8
9147 8
8950 8
6752 8
7839 8
9101 8
9358 8
10262 8
10140 8
7436 8
8774 8
8878 8
9274 8
9998 8
9066 8
8971 8
7893 8
8635 8
9715 8
9751 8
8618 8
8006 8
9834 8
7500 8
9398 8
8296 8
8886 8
7230 8
8605 8
6514 8
9309 8
7389 8
9849 8
9760 8
9682 8
9477 8
10131 8
8957 8
9808 8
7191 8
10344 8
8770 8
8827 8
9607 8
7696 8
9703 8
9750 8
7764 8
7719 8
10317 8
10076 8
10383 8
8081 8
9094 8
8918 8
8771 8
9963 8
9000 8
10122 8
8818 8
9440 8
8943 8
9817 8
8651 8
9323 8
10134 8
7494 8
7808 8
6278 8
9687 8
10316 8
9070 8
9315 8
9171 8
8573 8
10263 8
10272 8
9036 8
8946 8
9155 8
7949 8
8613 8
9804 8
8112 8
9472 8
7690 8
6563 8
9571 8
9847 8
8707 8
7633 8
9811 8
8501 8
9156 8
8240 8
10386 8
7361 8
7323 8
8264 8
9858 8
9247 8
10052 8
9826 8
10371 8
8553 8
9204 8
10110 8
8532 8
9256 8
9431 8
8948 8
8321 8
9974 8
9886 8
8660 8
7504 8
8230 8
7931 8
8993 8
8711 8
8282 8
9415 8
10097 8
9199 8
8608 8
9233 8
8220 8
9030 8
8103 8
9706 8
7355 8
9813 8
10056 8
9153 8
9390 8
10318 8
9814 8
9207 8
8657 8
8001 8
6985 8
9460 8
8301 8
8790 8
10153 8
9291 8
8410 8
8912 8
8480 8
9557 8
8922 8
8760 8
8268 8
9281 8
9929 8
9781 8
7853 8
10084 8
8609 8
9340 8
9178 8
10090 8
9136 8
7078 8
8565 8
8534 8
10189 8
8119 8
9097 8
9984 8
9645 8
9782 8
9601 8
9166 8
8555 8
7874 8
9275 8
9290 8
10072 8
7687 8
9427 8
8913 8
8465 8
8992 8
9271 8
10059 8
9991 8
8047 8
8680 8
9450 8
9307 8
9956 8
7327 8
9081 8
9003 8
10024 8
8595 8
10065 8
9349 8
8979 8
8318 8
6700 8
9069 8
9916 8
9231 8
7324 8
9222 8
9647 8
9633 8
8882 8
8068 8
7510 8
9617 8
9486 8
8904 8
8937 8
10313 8
9924 8
8632 8
8337 9
5791 9
7617 9
7315 9
7398 9
7055 9
9220 9
8319 9
8378 9
8310 9
8381 9
8717 9
7140 9
7778 9
6851 9
9432 9
6605 9
7426 9
9594 9
7026 9
9190 9
8998 9
8930 9
7685 9
8926 9
9355 9
7404 9
8693 9
7204 9
8701 9
7943 9
8367 9
8129 9
8815 9
9353 9
8133 9
9319 9
9408 9
6862 9
8575 9
9278 9
8197 9
7800 9
9823 9
9822 9
8417 9
8911 9
8934 9
7860 9
7961 9
8015 9
9504 9
8482 9
7998 9
9737 9
9029 9
7319 9
7335 9
9264 9
9570 9
7260 9
8626 9
8587 9
7311 9
7887 9
9242 9
7367 9
8155 9
9001 9
8652 9
7671 9
7506 9
7750 9
7709 9
9102 9
8459 9
8539 9
9107 9
9523 9
9819 9
6289 9
7985 9
8525 9
7637 9
9017 9
9764 9
8841 9
7540 9
8419 9
7587 9
9785 9
8299 9
8164 9
9832 9
8341 9
8265 9
7867 9
8824 9
8290 9
8510 9
8277 9
6874 9
8584 9
9288 9
4917 9
9569 9
8391 9
9670 9
8177 9
8229 9
9546 9
7438 9
7412 9
9612 9
8452 9
7194 9
8114 9
9075 9
8638 9
9771 9
8629 9
7277 9
7636 9
9721 9
6879 9
6761 9
8291 9
7267 9
7812 9
8560 9
8029 9
8293 9
5098 9
8038 9
9112 9
9624 9
7356 9
9434 9
8266 9
6992 9
6238 9
8811 9
8740 9
8446 9
8710 9
9104 9
9022 9
8865 9
7892 9
8662 9
7586 9
7958 9
9179 9
8589 9
8420 9
7063 9
6989 9
6940 9
8407 9
9801 9
9045 9
9143 9
9174 9
8602 9
8219 9
9773 9
8196 9
7936 9
9067 9
8970 9
9420 9
9763 9
8150 9
8136 9
9660 9
6865 9
9532 9
8349 9
7972 9
9119 9
8246 9
8235 9
8958 9
8836 9
8972 9
8123 9
7499 9
8117 9
7567 9
9498 9
6675 9
8617 9
9487 9
8941 9
9392 9
8358 9
9788 9
8672 9
8700 9
7842 9
8226 9
7890 9
8504 9
8269 9
8631 9
8820 9
8141 9
9371 9
7631 9
9393 9
9400 9
9296 9
9533 9
5350 9
6106 9
9283 9
8777 9
9602 9
6905 9
7345 9
8655 9
7544 9
9328 9
7555 9
9252 9
8113 9
9332 9
7776 9
9502 9
7321 9
9466 9
8383 9
8202 9
8104 9
7330 9
7649 9
8500 9
9132 9
9816 9
9025 9
6852 9
9836 9
9574 9
8210 9
9652 9
8185 9
8864 9
9496 9
9651 9
8784 9
8558 9
7525 9
7761 9
8844 9
6694 9
7299 9
8328 9
8248 9
8835 9
8611 9
8649 9
5044 9
8514 9
9295 9
6431 9
8709 9
8731 9
9021 9
7013 9
9213 9
7169 9
8490 9
7951 9
7835 9
8126 9
8477 9
9626 9
9180 9
7207 9
6565 9
7826 9
8497 9
7399 9
8309 9
7779 9
7473 9
8206 9
9100 9
9621 9
9767 9
9103 9
8217 9
9563 9
9483 9
9108 9
8551 9
7249 9
7005 9
9051 9
9705 9
8678 9
8152 9
7946 9
9553 9
8647 9
7651 9
9313 9
7726 9
8675 9
8214 9
7817 9
8714 9
8364 9
6767 9
9074 9
9578 9
8759 9
7238 9
9680 9
6759 9
9558 9
9182 9
8521 9
7734 9
8769 9
6459 9
8623 9
6937 9
8797 9
7803 9
6311 9
8312 9
8866 9
9189 9
9874 9
9325 9
8315 9
7744 9
9507 9
8489 9
8840 9
8684 9
7024 9
8172 9
8531 9
8157 9
8933 9
8648 9
8247 9
7684 9
8286 9
8889 9
8666 9
9770 9
8936 9
8606 9
9294 9
8729 9
7753 9
9845 9
8898 9
7987 9
9138 9
7385 9
9120 9
7128 9
8924 9
8432 9
9194 9
8359 9
9209 9
8547 9
7574 9
9055 9
8216 9
7326 9
9377 9
8400 9
9820 9
8272 9
7410 9
9336 9
9164 9
9694 9
8340 9
7850 9
9866 9
7014 9
9402 9
9676 9
8706 9
9128 9
5445 9
9509 9
9312 9
7497 9
9237 9
8624 9
9577 9
6919 9
8869 9
6978 9
8665 9
9186 9
8343 9
8586 9
6690 9
9547 9
9736 9
8798 9
8995 9
8303 9
9838 9
8643 9
8520 9
8778 9
8789 9
9662 9
9747 9
9210 9
8325 9
8348 9
7730 9
9619 9
8981 9
7265 9
8382 9
7159 9
7266 9
7370 9
9535 9
7848 9
8671 9
7647 9
8721 9
6705 9
7376 9
7414 9
8204 9
9244 9
8627 9
8426 9
9710 9
8451 9
6529 9
7829 9
7978 9
8901 9
6123 9
8577 9
9268 9
8481 9
7146 9
8696 9
7939 9
8517 9
8758 9
7791 9
8052 9
9255 9
8372 9
7843 9
8175 9
9475 9
8334 9
9881 9
8528 9
7459 9
8085 9
8610 9
8154 9
8702 9
8612 9
9245 9
8237 9
8181 9
6466 9
7553 9
5309 9
7137 9
7877 9
9529 9
7984 9
8386 9
8396 9
6666 9
9167 9
7610 9
8825 9
8076 9
9211 9
7902 9
7325 9
9489 9
9397 9
7805 9
8821 9
5996 9
6957 9
8212 9
8896 9
7721 9
9545 9
8809 9
8083 9
9877 9
9026 9
9305 9
9058 9
9122 9
9537 9
8537 9
7547 9
7453 9
9841 9
7467 9
7213 9
8443 9
7577 9
9345 9
7545 9
8447 9
7578 9
8511 9
8860 9
9384 9
8695 9
8137 9
9852 9
9363 9
7565 9
7976 9
7199 9
9080 9
7358 9
7534 9
8542 9
8021 9
9748 9
7127 9
7616 9
8949 9
8523 9
6596 9
8683 9
8812 9
9730 9
9148 9
8111 9
6655 9
9212 9
9124 9
8669 9
7823 9
8505 9
6794 10
7120 10
7733 10
8479 10
8502 10
8952 10
7920 10
8962 10
8628 10
7618 10
8545 10
9027 10
6398 10
9424 10
8379 10
9335 10
8339 10
5486 10
7431 10
8562 10
7662 10
7318 10
8176 10
7955 10
8990 10
7143 10
7094 10
8094 10
7680 10
6362 10
8082 10
9057 10
8503 10
8284 10
8872 10
7537 10
8689 10
8347 10
7704 10
8127 10
6405 10
8279 10
8389 10
9364 10
7689 10
7151 10
8418 10
7073 10
5060 10
5077 10
8471 10
8049 10
7788 10
8122 10
6877 10
7278 10
8096 10
9184 10
8167 10
7008 10
6611 10
8599 10
8509 10
7461 10
7642 10
7179 10
8274 10
7658 10
8357 10
6447 10
8191 10
7490 10
7614 10
9297 10
8421 10
6037 10
8849 10
8370 10
8940 10
8428 10
8158 10
7539 10
8053 10
7715 10
7216 10
8384 10
6391 10
8048 10
8131 10
7834 10
6732 10
7705 10
9279 10
7758 10
8722 10
9098 10
7110 10
6122 10
7917 10
7724 10
7679 10
8776 10
8763 10
7818 10
8703 10
6965 10
8363 10
7729 10
8686 10
5552 10
8092 10
7304 10
8887 10
5796 10
7144 10
7563 10
7228 10
6616 10
9157 10
7668 10
8281 10
8766 10
9106 10
7460 10
7821 10
8353 10
7368 10
8135 10
8748 10
8636 10
8810 10
7536 10
6590 10
8072 10
8723 10
8434 10
7661 10
8620 10
8183 10
6272 10
5505 10
7112 10
8121 10
9091 10
7209 10
8733 10
8852 10
7041 10
5096 10
9047 10
7160 10
6897 10
8583 10
8338 10
8330 10
9062 10
8401 10
8429 10
5388 10
7794 10
7607 10
6924 10
7491 10
7027 10
7993 10
6112 10
8478 10
7163 10
7593 10
9286 10
8033 10
8336 10
7262 10
8051 10
8249 10
9159 10
7918 10
8454 10
7743 10
8227 10
7731 10
7720 10
9126 10
8007 10
7644 10
8091 10
8055 10
7717 10
6269 10
8591 10
8533 10
7017 10
8828 10
6864 10
7954 10
9348 10
8182 10
7351 10
7879 10
7466 10
9337 10
8342 10
9285 10
8540 10
7569 10
8578 10
7723 10
7264 10
7331 10
6887 10
8045 10
7965 10
7756 10
8664 10
8708 10
7158 10
7442 10
8267 10
9054 10
6156 10
7080 10
8923 10
8685 10
9195 10
6941 10
8690 10
8814 10
8756 10
9006 10
8953 10
7093 10
7785 10
9188 10
7741 10
7912 10
8654 10
8365 10
8294 10
7693 10
7124 10
7708 10
8472 10
8174 10
7992 10
8921 10
7857 10
7898 10
6801 10
6586 10
7307 10
7186 10
8765 10
8369 10
7627 10
7707 10
7907 10
9376 10
8786 10
5377 10
9090 10
6775 10
8802 10
9344 10
8305 10
8403 10
8838 10
8254 10
6599 10
8559 10
7231 10
7739 10
8455 10
6750 10
7768 10
8564 10
7698 10
7957 10
9341 10
7870 10
8252 10
8823 10
6860 10
7373 10
8975 10
7042 10
6691 10
9401 10
8208 10
8543 10
8470 10
8939 10
8743 10
8753 10
8431 10
8287 10
8144 10
9013 10
8986 10
8601 10
7885 10
6935 10
7846 10
7694 10
8907 10
7862 10
8746 10
7085 10
8450 10
7675 10
7714 10
7765 10
7295 10
8800 10
7830 10
7686 10
7427 10
8868 10
8739 10
8977 10
9370 10
8863 10
7748 10
7856 10
6523 10
7485 10
7294 10
6572 10
8054 10
6747 10
8166 10
9409 10
7960 10
5722 10
7502 10
7655 10
7849 10
6796 10
8944 10
7895 10
9046 10
7484 10
9049 10
9421 10
9330 10
7604 10
9369 10
8859 10
6926 10
9086 10
7487 10
8170 10
8932 10
9289 10
7332 10
6645 10
8928 10
6626 10
7396 10
8806 10
8892 10
7402 10
6558 10
7341 10
8376 10
7611 10
5556 10
8302 10
7167 10
7695 10
8179 10
8794 10
9248 10
7613 10
7175 10
6495 10
7197 10
7738 10
8233 10
7840 10
8496 10
6967 10
8487 10
8519 10
8506 10
6798 10
8118 10
7096 10
8544 10
6764 10
8900 10
8853 10
6895 10
8323 10
8761 10
8570 10
8902 10
7340 10
6826 10
6338 10
8453 10
7352 10
8422 10
8132 10
9352 10
6780 10
8931 10
8171 10
7003 10
6982 10
7910 10
5890 10
5793 10
8920 10
8008 10
9223 10
8184 10
7193 10
8218 10
8876 10
6390 10
9317 10
6497 10
9002 10
8871 10
9065 10
6974 10
9311 10
7092 10
6303 10
8861 10
5988 10
8271 10
8375 10
8366 10
8597 10
7909 10
9145 10
6830 10
8186 10
9146 10
7557 10
7869 10
8959 10
7535 10
7934 10
8676 10
8018 10
6776 10
7562 10
7667 10
8320 10
7353 10
6950 10
8842 10
8205 10
7959 10
7670 10
8215 10
7554 10
8607 10
7391 10
7524 10
8385 10
8245 10
8650 10
7417 10
9374 10
5736 10
9105 10
9089 10
8257 10
8317 10
7372 10
6215 10
8512 10
8361 10
8491 10
8313 10
8474 10
8755 10
7483 10
7366 10
7170 10
6835 10
9198 10
9162 10
8019 10
7212 10
8874 10
7883 10
9260 10
7239 10
9224 10
7868 10
7841 10
9284 10
8956 10
7221 10
6753 10
7377 10
7859 10
7195 10
7930 10
7600 10
7076 10
9020 10
8187 10
6317 11
6541 11
8473 11
7899 11
7157 11
7919 11
7594 11
5592 11
6709 11
7784 11
6091 11
6840 11
7861 11
7520 11
6685 11
7111 11
7433 11
8331 11
8893 11
7463 11
7911 11
8275 11
6370 11
6043 11
6839 11
8360 11
7579 11
6613 11
7118 11
7977 11
7418 11
6867 11
7968 11
7915 11
7495 11
8576 11
7641 11
6698 11
7529 11
8074 11
7308 11
8026 11
8165 11
7935 11
8781 11
7428 11
7927 11
7498 11
7584 11
7932 11
6249 11
6309 11
5257 11
6701 11
6891 11
7683 11
7000 11
7588 11
6308 11
8935 11
7595 11
8526 11
7674 11
8846 11
5868 11
7257 11
6664 11
6931 11
6760 11
6805 11
7953 11
6011 11
7450 11
7582 11
7034 11
8890 11
6771 11
8024 11
8062 11
7886 11
6893 11
7222 11
7827 11
8071 11
8069 11
7871 11
8448 11
7872 11
7979 11
6017 11
6126 11
5856 11
7148 11
8444 11
6385 11
7543 11
6609 11
7166 11
7673 11
8102 11
8435 11
7252 11
8316 11
7095 11
7583 11
8955 11
6678 11
6005 11
8040 11
7217 11
6672 11
6834 11
6643 11
7039 11
7218 11
6404 11
6963 11
7403 11
7343 11
7831 11
7314 11
7180 11
7514 11
6742 11
7947 11
6617 11
8344 11
7762 11
6483 11
7511 11
7889 11
8557 11
8354 11
7747 11
5211 11
8253 11
8109 11
7451 11
7763 11
6060 11
8280 11
6707 11
7811 11
7681 11
7206 11
6544 11
7845 11
5981 11
6499 11
8460 11
8042 11
7924 11
7074 11
6158 11
6744 11
8345 11
6461 11
7640 11
6810 11
5354 11
8914 11
8222 11
7852 11
7774 11
6371 11
7905 11
8747 11
8003 11
7596 11
7416 11
6658 11
5919 11
7663 11
6948 11
7801 11
8803 11
8425 11
6492 11
7990 11
6170 11
6907 11
7994 11
7530 11
6097 11
6493 11
8278 11
8200 11
7945 11
6321 11
7154 11
6512 11
8041 11
8153 11
5199 11
7678 11
8730 11
7701 11
7942 11
7066 11
7824 11
7549 11
6000 11
6429 11
8579 11
7313 11
7700 11
7527 11
7825 11
8239 11
7986 11
7106 11
7866 11
7664 11
6231 11
6136 11
7602 11
6425 11
6498 11
7057 11
7780 11
8507 11
7130 11
6849 11
6797 11
7566 11
6641 11
6036 11
6789 11
6870 11
7309 11
7289 11
6082 11
7558 11
6062 11
6875 11
8625 11
7482 11
7654 11
7492 11
6522 11
8395 11
7422 11
7798 11
7806 11
6280 11
6961 11
8190 11
8679 11
8527 11
5745 11
7742 11
8188 11
7735 11
8622 11
6997 11
8061 11
6286 11
8488 11
8067 11
6933 11
8273 11
6384 11
6973 11
8002 11
7559 11
7914 11
8549 11
8462 11
5332 11
8283 11
7123 11
7173 11
6667 11
6339 11
5917 11
6822 11
8093 11
8782 11
6863 11
6697 11
7069 11
7521 11
6246 11
7851 11
8404 11
7336 11
7446 11
6263 11
7635 11
8494 11
8437 11
7672 11
8653 11
6436 11
7864 11
5584 11
7434 11
8546 11
6693 11
6602 11
6733 11
6366 11
7652 11
7244 11
6984 11
7122 11
7478 11
7612 11
4755 11
6528 11
8195 11
7541 11
7285 11
8297 11
7740 11
8232 11
7900 11
7400 11
6906 11
7047 11
8373 11
7813 11
8529 11
8854 11
6580 11
7449 11
8804 11
5252 11
8058 11
6754 11
8010 11
7079 11
7532 11
7448 11
7660 11
6218 11
6728 11
7184 11
7256 11
8260 11
7388 11
6065 11
7799 11
5395 11
5711 11
7937 11
6995 11
6632 11
7486 11
7101 11
6403 11
8079 11
7037 11
5777 11
5620 11
6695 11
8326 11
6205 11
7165 11
5906 11
7650 11
7062 11
8276 11
7409 11
7702 11
6930 11
5245 11
6276 11
6105 11
6881 11
7240 11
5864 11
6298 11
7287 11
7348 11
7923 11
8604 11
7814 11
5926 11
6023 11
8199 11
5439 11
6812 11
8399 11
6525 11
6642 11
8845 11
8116 11
8423 11
7155 11
5967 11
5997 11
6811 11
8087 11
8244 11
5731 11
7468 11
6485 11
7515 11
7457 11
7512 11
8124 11
8306 11
8616 11
6896 11
6808 11
8615 11
7102 11
8023 11
7215 11
6496 11
6113 11
7822 11
7570 11
8073 11
8457 11
6654 11
8189 11
6342 11
5392 11
7386 11
8439 11
5977 11
6739 11
7150 11
8867 11
6991 11
6200 11
7820 11
5880 11
7787 11
7966 11
8897 11
6848 11
7571 11
7100 11
6288 11
7836 11
7437 11
8495 11
7838 11
8148 11
7988 11
7926 11
8088 11
5944 11
8408 11
8285 11
6885 11
7198 11
6661 11
7472 11
7832 11
8397 11
7807 11
8355 11
5227 11
7284 11
6348 11
8108 11
7456 11
6482 11
6320 11
7261 11
7503 11
7643 11
7121 11
7430 11
6972 11
7770 11
8256 11
8211 11
5739 11
7638 11
5274 11
6686 11
8687 11
6381 11
8380 11
7220 12
6084 12
5596 12
6432 12
8060 12
7725 12
8027 12
7752 12
6980 12
6365 12
7046 12
6631 12
7225 12
7591 12
7338 12
5719 12
4865 12
8100 12
5581 12
6610 12
6648 12
7435 12
8492 12
7815 12
7098 12
7901 12
7183 12
6382 12
7629 12
7921 12
6300 12
5528 12
7053 12
6293 12
7581 12
7956 12
5607 12
4783 12
6415 12
7182 12
7282 12
7952 12
7329 12
4971 12
6869 12
6516 12
7878 12
7865 12
7210 12
6285 12
6073 12
7275 12
6340 12
5575 12
7517 12
8442 12
5627 12
7379 12
5887 12
7119 12
7415 12
6971 12
6638 12
7493 12
7297 12
8059 12
8498 12
6079 12
5929 12
6679 12
7471 12
7251 12
6028 12
7665 12
6209 12
6219 12
7623 12
7362 12
7962 12
7301 12
5438 12
8198 12
5973 12
5330 12
5642 12
8012 12
8025 12
6936 12
6161 12
5614 12
6833 12
7075 12
5663 12
7991 12
7963 12
7916 12
7236 12
8456 12
7573 12
6326 12
6538 12
6284 12
7757 12
6669 12
8466 12
8398 12
7380 12
7716 12
4929 12
8223 12
5941 12
5587 12
7339 12
6883 12
7298 12
7469 12
7419 12
7816 12
7575 12
7281 12
7002 12
6305 12
8445 12
5027 12
6505 12
7248 12
7105 12
7004 12
6032 12
4695 12
6412 12
4945 12
7928 12
4882 12
6647 12
7316 12
7810 12
6074 12
5631 12
6506 12
7474 12
7639 12
7088 12
6912 12
6650 12
6837 12
7648 12
6270 12
5863 12
6356 12
7550 12
5626 12
7188 12
7488 12
4807 12
5858 12
7894 12
7523 12
7712 12
6290 12
7214 12
8263 12
7022 12
7455 12
5271 12
6872 12
7310 12
7519 12
4880 12
7089 12
7691 12
7948 12
6543 12
5404 12
6663 12
6683 12
7970 12
8393 12
6423 12
7858 12
7103 12
7016 12
6621 12
4164 12
7964 12
7452 12
4999 12
6729 12
5514 12
7407 12
5345 12
6277 12
8014 12
7564 12
6394 12
7429 12
7447 12
8106 12
7454 12
5922 12
7246 12
6294 12
6376 12
7619 12
5246 12
7190 12
7226 12
7489 12
4726 12
7470 12
6633 12
6336 12
8192 12
6710 12
7254 12
7136 12
6593 12
7538 12
7882 12
6832 12
6388 12
8028 12
7755 12
5416 12
8461 12
6438 12
6755 12
6437 12
5842 12
6341 12
6850 12
7656 12
7632 12
6809 12
6600 12
7585 12
6266 12
6343 12
5940 12
6947 12
8484 12
7441 12
6282 12
6435 12
6703 12
6322 12
6260 12
7944 12
7599 12
5737 12
6662 12
6999 12
6727 12
5396 12
5905 12
5103 12
6096 12
8234 12
6208 12
7766 12
4871 12
7657 12
5279 12
6674 12
6597 12
6241 12
7772 12
7125 12
7161 12
7178 12
5270 12
7589 12
7620 12
7526 12
5771 12
8327 12
5855 12
6265 12
6884 12
5477 12
6619 12
8056 12
6146 12
8430 12
8388 12
6519 12
5971 12
5311 12
5346 12
7969 12
5381 12
6676 12
7464 12
6814 12
8159 12
4991 12
5822 12
7767 12
7792 12
7203 12
7941 12
6769 12
7211 12
6871 12
6824 12
4527 12
7405 12
6969 12
6535 12
7556 12
8004 12
6756 12
6182 12
7997 12
6836 12
5215 12
7996 12
7371 12
8258 12
7576 12
7568 12
7293 12
7501 12
7290 12
5374 12
7050 12
6147 12
5909 12
6424 12
5654 12
7542 12
7346 12
7462 12
5366 12
6779 12
7018 12
7783 12
6206 12
4586 12
7697 12
6656 12
7711 12
7296 12
7054 12
8406 12
6715 12
8050 12
5621 12
7171 12
6618 12
7342 12
6990 12
7279 12
8241 12
7863 12
6604 12
7854 12
5519 12
7781 12
6419 12
7363 12
5506 12
6107 12
6665 12
6301 12
7881 12
7560 12
6934 12
6304 12
7149 12
6958 12
4918 12
7732 12
8259 12
7192 12
6564 12
6803 12
6976 12
7058 12
7769 12
8075 12
7133 12
6479 12
7364 12
6509 12
7354 12
7722 12
5555 12
4933 12
7040 12
7518 12
8415 12
7235 12
4949 12
7176 12
6854 12
6570 12
7011 12
6956 12
6386 12
6878 12
7153 12
7241 12
6465 12
5482 12
7328 12
8037 12
7496 12
7659 12
7202 12
8207 12
5020 12
4805 12
6441 12
5435 12
6888 12
4333 12
7196 12
6825 12
7012 12
7243 12
7548 12
6718 12
6795 12
7349 12
6823 12
7025 12
6968 12
7115 12
7980 12
7317 12
7760 12
8034 12
5662 12
7152 12
7028 12
6314 12
7051 12
4605 12
5565 12
6554 12
5616 12
6142 12
7090 12
7513 12
7533 12
7598 12
8427 12
6723 12
7116 12
6717 12
6807 12
7552 12
7634 12
6012 12
7242 12
6736 12
7305 12
7771 12
7982 12
8467 12
6299 12
7286 12
6944 12
7475 12
7303 12
7390 12
6793 12
6845 12
5266 12
7365 12
7522 12
7692 12
7072 12
5068 12
6903 12
6951 12
6624 12
6829 12
5833 12
7099 12
6070 12
7253 12
7189 12
6927 12
5559 12
5923 12
7378 12
5630 12
5826 12
6422 12
6372 12
7015 12
8031 12
7413 12
6721 12
7479 12
6363 12
7174 12
6178 12
7844 12
5889 12
8005 12
7292 12
7031 12
5844 12
6444 12
6639 12
6671 12
6571 12
7804 12
5904 13
4884 13
6318 13
7141 13
5100 13
7480 13
6644 13
6115 13
6240 13
7950 13
6821 13
7458 13
6389 13
6162 13
7819 13
7164 13
4247 13
5949 13
6111 13
6345 13
6788 13
6127 13
7382 13
7344 13
6970 13
6416 13
6080 13
6713 13
6696 13
7268 13
7375 13
6589 13
7142 13
5862 13
5225 13
5808 13
6802 13
5187 13
7891 13
6417 13
5165 13
5085 13
7168 13
6922 13
5597 13
5010 13
6157 13
5384 13
6451 13
6352 13
6453 13
7134 13
4638 13
7359 13
6838 13
7509 13
3989 13
4101 13
5934 13
5568 13
5576 13
4601 13
6942 13
6960 13
5235 13
7156 13
7229 13
6256 13
7653 13
6150 13
6307 13
5697 13
7395 13
6855 13
7508 13
7064 13
7624 13
5485 13
7676 13
7201 13
5869 13
5316 13
5499 13
6560 13
6094 13
5286 13
7445 13
7255 13
7232 13
6953 13
4417 13
7606 13
7091 13
5400 13
7411 13
6344 13
5622 13
6952 13
6379 13
4957 13
7592 13
5677 13
6244 13
5130 13
5640 13
6421 13
4478 13
6918 13
7258 13
6418 13
7104 13
8065 13
6637 13
5746 13
6531 13
6746 13
5248 13
6706 13
4786 13
6743 13
8013 13
6046 13
6486 13
3854 13
6149 13
7360 13
7397 13
4954 13
4916 13
6689 13
7200 13
6409 13
6772 13
6044 13
6247 13
6994 13
7896 13
7147 13
4277 13
7162 13
6262 13
6730 13
5657 13
7009 13
5809 13
7630 13
7401 13
6778 13
7113 13
5650 13
7605 13
6357 13
6630 13
6207 13
7975 13
5998 13
7424 13
6748 13
6996 13
6064 13
5975 13
6361 13
7084 13
5117 13
5962 13
6831 13
5572 13
4661 13
8063 13
5733 13
6998 13
6445 13
7420 13
6749 13
6442 13
7006 13
6490 13
7795 13
4792 13
7172 13
5521 13
6983 13
6545 13
7875 13
7394 13
5875 13
6640 13
6911 13
5924 13
5867 13
7302 13
3788 13
7590 13
6559 13
6323 13
7070 13
6271 13
6056 13
6946 13
6977 13
5961 13
7381 13
7465 13
5174 13
5021 13
7247 13
4345 13
7421 13
6783 13
5832 13
5952 13
5741 13
7645 13
7082 13
6608 13
5769 13
4642 13
6078 13
7682 13
6539 13
5173 13
5113 13
6827 13
5914 13
5203 13
6261 13
5479 13
6463 13
5526 13
6623 13
6681 13
5951 13
7688 13
5223 13
6125 13
4961 13
6566 13
8066 13
6846 13
4477 13
3856 13
8022 13
5789 13
6800 13
6183 13
6677 13
6222 13
6556 13
6699 13
7531 13
6332 13
6137 13
7114 13
6325 13
5512 13
7271 13
7855 13
4921 13
4130 13
4713 13
6216 13
3998 13
6198 13
5474 13
6071 13
4906 13
7237 13
7010 13
6550 13
7796 13
5494 13
5720 13
6714 13
6480 13
5885 13
6502 13
5204 13
7245 13
7775 13
7283 13
7443 13
6607 13
6914 13
6242 13
7135 13
4669 13
6899 13
5594 13
6076 13
6579 13
5806 13
8000 13
6116 13
6762 13
6428 13
5927 13
7007 13
6886 13
6312 13
5209 13
5991 13
7393 13
7754 13
7108 13
6889 13
5524 13
6785 13
5491 13
5583 13
6021 13
6268 13
6462 13
7065 13
6251 13
6039 13
6659 13
6627 13
5317 13
4424 13
5728 13
7224 13
6692 13
7615 13
5985 13
4571 13
6892 13
6181 13
6457 13
6143 13
5091 13
6449 13
7117 13
6274 13
5059 13
6741 13
5325 13
5762 13
6521 13
7131 13
5463 13
8036 13
6601 13
5969 13
7777 13
5763 13
5483 13
7790 13
5837 13
7126 13
6454 13
7440 13
4422 13
6966 13
4375 13
6859 13
6820 13
6195 13
6089 13
5291 13
6817 13
5387 13
5164 13
5907 13
7280 13
6876 13
7374 13
6546 13
6894 13
7272 13
5784 13
5645 13
6054 13
7059 13
6400 13
6542 13
6414 13
7029 13
6411 13
6988 13
7528 13
7060 13
5817 13
6562 13
6962 13
7432 13
5675 13
5708 13
6682 13
6815 13
4511 13
6737 13
6475 13
6358 13
6913 13
6612 13
6917 13
7425 13
6866 13
7999 13
5538 13
6141 13
6099 13
6595 13
6131 13
6819 13
4859 13
5999 13
5126 13
4870 13
6740 13
6738 13
7300 13
8044 13
5024 13
6938 13
6578 13
5298 13
5936 13
6168 13
5285 13
4360 14
7476 14
5593 14
5513 14
7622 14
6853 14
7625 14
7505 14
7666 14
6214 14
5305 14
6368 14
6027 14
6133 14
4861 14
6057 14
3953 14
6472 14
5636 14
5041 14
6943 14
5734 14
6635 14
5424 14
4915 14
4573 14
5821 14
6646 14
5328 14
5853 14
6588 14
7044 14
5983 14
6253 14
4747 14
4536 14
6377 14
7019 14
6369 14
6001 14
7132 14
5898 14
6007 14
6018 14
6653 14
6197 14
5410 14
7270 14
6587 14
4893 14
6964 14
7312 14
6202 14
6359 14
4847 14
4100 14
4218 14
7181 14
5948 14
6153 14
5101 14
6413 14
7049 14
5676 14
6456 14
5896 14
6237 14
4615 14
5694 14
5564 14
7129 14
6551 14
5407 14
6346 14
5530 14
5124 14
5974 14
5687 14
5850 14
6229 14
6473 14
5913 14
4763 14
3754 14
6132 14
4853 14
6313 14
6670 14
6910 14
6013 14
6606 14
5838 14
4540 14
7067 14
5603 14
6316 14
6159 14
6536 14
6243 14
7333 14
5210 14
6508 14
6020 14
4255 14
5039 14
6660 14
7516 14
6629 14
5352 14
6172 14
6310 14
6360 14
6188 14
6614 14
5518 14
5048 14
6582 14
5443 14
6374 14
5911 14
6426 14
6194 14
6148 14
4165 14
5970 14
6252 14
4036 14
6063 14
5092 14
5680 14
6945 14
6510 14
4908 14
6581 14
5273 14
5046 14
7032 14
5461 14
5794 14
3787 14
4634 14
6103 14
5429 14
5852 14
5334 14
6378 14
6228 14
5815 14
6584 14
6758 14
4246 14
6420 14
6904 14
5646 14
6471 14
6890 14
6232 14
6239 14
7052 14
5546 14
5137 14
6712 14
6540 14
6620 14
5318 14
7071 14
7185 14
6327 14
5460 14
6622 14
7086 14
6928 14
5467 14
4769 14
6055 14
5207 14
5674 14
6124 14
6916 14
5976 14
6291 14
6787 14
5950 14
4589 14
6335 14
6443 14
5612 14
6160 14
6489 14
5615 14
7223 14
7056 14
3504 14
6530 14
6144 14
5912 14
4576 14
5212 14
7083 14
5114 14
5070 14
7023 14
6731 14
6843 14
4901 14
7219 14
5171 14
6042 14
6337 14
6281 14
4720 14
5691 14
6101 14
5539 14
6034 14
4590 14
6088 14
7609 14
4410 14
5879 14
7263 14
5234 14
6520 14
6828 14
6900 14
6145 14
4831 14
5567 14
6234 14
6923 14
4370 14
6295 14
6031 14
4637 14
7020 14
6511 14
5953 14
6804 14
6227 14
5921 14
6561 14
6211 14
5561 14
6649 14
7250 14
6395 14
7001 14
6987 14
6367 14
5712 14
4533 14
6130 14
5705 14
5072 14
4034 14
5580 14
4966 14
6448 14
5823 14
6350 14
6166 14
5903 14
6547 14
5960 14
5768 14
6634 14
6264 14
5222 14
5011 14
7109 14
5525 14
6406 14
6949 14
6668 14
6517 14
5066 14
6010 14
6077 14
7347 14
6185 14
4735 14
7273 14
6275 14
6757 14
7035 14
5052 14
5542 14
6235 14
6553 14
5884 14
7038 14
5899 14
5610 14
6397 14
6799 14
4854 14
7259 14
5226 14
5744 14
4819 14
6583 14
3907 14
5488 14
6494 14
6114 14
6470 14
5891 14
5933 14
4582 14
5920 14
5648 14
6625 14
5773 14
6196 14
6777 14
6861 14
7097 14
3403 14
5831 14
5487 14
5965 14
6100 14
5634 14
6557 14
7546 14
6816 14
6373 14
5644 14
5925 14
6979 14
4909 14
6186 14
5119 14
4185 14
5045 14
6364 14
5349 14
7043 14
5365 14
7439 14
6004 14
6955 14
6673 14
6873 14
6283 14
4562 14
6598 14
5605 14
4706 14
5043 14
6117 14
6085 14
5364 14
6734 14
4869 14
4653 14
6882 14
5660 14
6577 14
6651 14
5493 14
5465 14
5535 14
5727 14
6501 14
5577 14
5276 14
3703 14
6515 14
6349 14
6524 14
5633 14
3980 14
5554 14
7444 14
5692 14
4177 14
5702 14
7597 14
4403 14
7233 14
5910 14
5064 14
6402 14
6500 14
7269 14
6857 14
5699 14
6504 14
5679 14
5012 14
5533 14
6477 14
5729 14
6446 14
6552 14
6636 14
4745 14
5818 14
6591 14
6981 14
5444 14
5558 14
4166 14
5018 14
5848 14
4309 14
5441 14
6040 14
6680 14
5963 14
6331 14
5980 14
6724 14
5956 14
6450 14
6191 14
5405 14
5026 14
4635 14
6464 14
5000 14
5878 14
6452 14
6569 14
6806 14
5038 15
5886 15
5785 15
5795 15
5820 15
4364 15
5061 15
6383 15
5281 15
5958 15
6410 15
7139 15
4931 15
6818 15
6302 15
5272 15
4878 15
5635 15
5807 15
6003 15
6009 15
6014 15
6223 15
5457 15
5661 15
6507 15
4785 15
5637 15
6766 15
5682 15
5937 15
6173 15
5836 15
7288 15
6330 15
6259 15
6548 15
5536 15
3494 15
5307 15
6257 15
5628 15
6773 15
5814 15
5894 15
6751 15
3839 15
5686 15
5851 15
6066 15
4566 15
5618 15
5588 15
4922 15
6279 15
5723 15
5008 15
5683 15
5289 15
5570 15
5849 15
4992 15
4840 15
6813 15
6086 15
5935 15
6603 15
4828 15
5511 15
4855 15
4694 15
6533 15
3595 15
6768 15
5839 15
5939 15
6770 15
5589 15
6047 15
6458 15
4418 15
4825 15
5017 15
4259 15
4229 15
5299 15
5014 15
4651 15
7021 15
2854 15
4777 15
5928 15
6573 15
6628 15
5107 15
6921 15
5452 15
4350 15
4136 15
4960 15
5368 15
6568 15
5260 15
4699 15
5190 15
4973 15
5730 15
6719 15
5742 15
5380 15
6396 15
6722 15
5139 15
5015 15
5508 15
7045 15
4300 15
6856 15
4813 15
6393 15
5759 15
5145 15
5681 15
4413 15
4362 15
6221 15
5732 15
4117 15
6324 15
6468 15
7033 15
4128 15
6187 15
6245 15
5296 15
5397 15
4489 15
6408 15
7187 15
5690 15
4245 15
6842 15
5229 15
6901 15
6155 15
4405 15
6959 15
5413 15
6487 15
5872 15
6328 15
6059 15
6711 15
7227 15
4899 15
4780 15
6008 15
5749 15
3852 15
6217 15
5893 15
6868 15
6902 15
5434 15
6175 15
4907 15
5639 15
5888 15
5403 15
5659 15
6177 15
4679 15
6204 15
6555 15
5415 15
3915 15
5029 15
6782 15
4892 15
6128 15
5881 15
5803 15
2705 15
5239 15
5586 15
5995 15
6016 15
6592 15
4297 15
5236 15
5703 15
6104 15
5016 15
4759 15
5770 15
5201 15
4454 15
5550 15
5585 15
5987 15
3999 15
5259 15
6380 15
5778 15
5652 15
4968 15
6688 15
5427 15
4342 15
6140 15
6102 15
5398 15
6481 15
7145 15
5033 15
5269 15
5901 15
7061 15
4627 15
4643 15
5188 15
4944 15
5824 15
5128 15
5834 15
5668 15
5481 15
5302 15
6052 15
5957 15
6267 15
5496 15
4804 15
5541 15
4027 15
6258 15
6430 15
3395 15
4911 15
5972 15
5232 15
5876 15
4932 15
5047 15
5578 15
5208 15
5261 15
5802 15
4680 15
6513 15
4620 15
5466 15
6725 15
5724 15
4730 15
6230 15
4261 15
4888 15
5916 15
6180 15
5502 15
5701 15
6791 15
6491 15
6925 15
4834 15
4016 15
6050 15
6858 15
6407 15
4767 15
4891 15
5243 15
3920 15
6433 15
5932 15
7030 15
4228 15
6354 15
6129 15
6212 15
3833 15
5406 15
6347 15
6048 15
6532 15
4940 15
3237 15
4121 15
5641 15
4727 15
5857 15
5385 15
5992 15
5458 15
4381 15
6184 15
4322 15
5930 15
6152 15
6083 15
4787 15
5331 15
5449 15
6210 15
5959 15
6792 15
4734 15
4764 15
4537 15
5049 15
6478 15
6029 15
6248 15
5738 15
4299 15
5945 15
5942 15
5979 15
4689 15
4749 15
5670 15
6576 15
4119 15
5175 15
5432 15
5698 15
5337 15
5200 15
6440 15
6615 15
5099 15
4924 15
6075 15
5166 15
5714 15
6720 15
6594 15
6484 15
5389 15
5625 15
5718 15
7291 15
5448 15
5446 15
4285 15
6002 15
6399 15
6684 15
5375 15
6786 15
6537 15
6387 15
4972 15
5897 15
5425 15
6585 15
4708 15
6292 15
6575 15
6427 15
6774 15
4707 15
5877 15
4361 15
5545 15
5123 15
7087 15
5040 15
5323 15
5315 15
4224 15
5002 15
5805 15
5841 15
6735 15
5220 15
6121 15
5840 15
6296 15
5566 15
4967 15
6763 15
5419 15
5665 15
5308 15
4647 15
4640 15
5451 15
5240 15
5688 15
6167 15
7138 15
4874 15
5740 15
5553 15
5812 15
6726 15
4135 15
6954 15
5231 15
5604 15
6503 15
6975 15
7234 15
5515 15
4383 15
5320 15
6474 16
4658 16
5338 16
5264 16
4685 16
6254 16
5982 16
5213 16
4189 16
5109 16
5138 16
4809 16
4912 16
4926 16
3522 16
4939 16
5310 16
4867 16
5696 16
5135 16
5178 16
6179 16
4788 16
5669 16
5087 16
4172 16
5167 16
6033 16
6652 16
6069 16
3610 16
4995 16
5715 16
5751 16
6098 16
5532 16
4379 16
5786 16
5440 16
6093 16
4784 16
6375 16
6847 16
4563 16
4331 16
4976 16
5418 16
6045 16
6306 16
4844 16
4476 16
4982 16
5883 16
6898 16
5860 16
6716 16
4633 16
6526 16
5075 16
5189 16
6297 16
6164 16
5617 16
5373 16
5534 16
4461 16
5761 16
4269 16
5376 16
4776 16
5569 16
4752 16
4078 16
6273 16
5468 16
6224 16
5766 16
5160 16
6574 16
5725 16
4801 16
4079 16
5591 16
6929 16
5829 16
5531 16
3926 16
3746 16
5131 16
5464 16
6353 16
5966 16
6704 16
3137 16
5142 16
5954 16
5411 16
3063 16
5480 16
5079 16
4674 16
4628 16
5314 16
4148 16
4256 16
5268 16
5028 16
3834 16
5414 16
5704 16
5562 16
5217 16
6081 16
6176 16
5780 16
5475 16
4845 16
4286 16
3967 16
5133 16
4500 16
5035 16
4766 16
4877 16
4578 16
4114 16
5931 16
5343 16
5230 16
5081 16
5361 16
6488 16
5781 16
4377 16
5658 16
6702 16
5946 16
5557 16
3165 16
5900 16
4979 16
5804 16
5560 16
4740 16
4317 16
4441 16
5735 16
6199 16
5993 16
6025 16
4920 16
4144 16
3363 16
5473 16
4045 16
4952 16
6784 16
4448 16
5055 16
5412 16
5255 16
5548 16
5599 16
5080 16
5228 16
4471 16
3991 16
6190 16
5717 16
5994 16
5693 16
4339 16
5775 16
5082 16
4895 16
5859 16
4829 16
6932 16
6049 16
3292 16
6908 16
4220 16
3912 16
4313 16
5918 16
4682 16
5369 16
5442 16
4821 16
5522 16
5097 16
5277 16
5579 16
6469 16
4415 16
2863 16
5086 16
5651 16
6165 16
6939 16
3956 16
5943 16
4941 16
5065 16
6058 16
5423 16
6534 16
6518 16
5672 16
5788 16
4994 16
4798 16
4091 16
5529 16
5244 16
6193 16
4881 16
4215 16
5408 16
5433 16
6687 16
4474 16
4864 16
6109 16
5632 16
6119 16
4758 16
4262 16
4488 16
6154 16
6467 16
6434 16
5649 16
5378 16
4426 16
6567 16
4291 16
4736 16
5609 16
5157 16
5034 16
4574 16
4619 16
5895 16
3143 16
2762 16
4688 16
5132 16
5069 16
3992 16
5127 16
5611 16
5520 16
5767 16
5184 16
5379 16
6120 16
4896 16
6053 16
4389 16
3577 16
5810 16
3527 16
5177 16
5774 16
5695 16
5290 16
5571 16
4495 16
4905 16
4934 16
6745 16
6022 16
4240 16
3877 16
5643 16
5022 16
3460 16
5938 16
5214 16
5673 16
6169 16
5870 16
5624 16
3496 16
3859 16
4826 16
6920 16
6171 16
5595 16
6087 16
4606 16
5707 16
6355 16
5590 16
5779 16
4983 16
4367 16
6915 16
6192 16
4419 16
5756 16
5088 16
4250 16
5819 16
5218 16
3759 16
5892 16
6844 16
4252 16
4678 16
4690 16
4913 16
6030 16
4698 16
5497 16
3684 16
4275 16
5247 16
5237 16
5420 16
4366 16
4963 16
5313 16
5453 16
5606 16
4710 16
6333 16
5601 16
6439 16
5095 16
4938 16
4890 16
4662 16
5250 16
5401 16
4741 16
3923 16
5009 16
6138 16
3731 16
4956 16
6460 16
4186 16
5753 16
3613 16
5295 16
6051 16
4925 16
5700 16
5254 16
4457 17
5655 17
4523 17
5362 17
3614 17
3741 17
4330 17
5054 17
4875 17
5462 17
4654 17
4603 17
5351 17
3922 17
4532 17
4357 17
4958 17
4985 17
5353 17
4914 17
4700 17
3898 17
5116 17
3972 17
3791 17
5083 17
4981 17
4447 17
3997 17
5947 17
4980 17
4670 17
5426 17
5716 17
5455 17
5489 17
4139 17
4974 17
4242 17
5908 17
5450 17
4806 17
5847 17
5573 17
2931 17
4431 17
6015 17
5287 17
4067 17
5989 17
5776 17
4664 17
3019 17
5428 17
4115 17
5163 17
4056 17
4113 17
4005 17
5037 17
4096 17
4278 17
4140 17
5089 17
4387 17
3271 17
4545 17
5105 17
4097 17
5507 17
4074 17
4919 17
5713 17
5678 17
4756 17
6163 17
3596 17
4508 17
4852 17
5783 17
3347 17
5216 17
5990 17
4742 17
5436 17
3685 17
4744 17
5523 17
6392 17
3634 17
4774 17
5861 17
5090 17
4738 17
5755 17
5710 17
4332 17
5181 17
4238 17
3388 17
5115 17
4709 17
3725 17
4029 17
4930 17
6226 17
3900 17
5303 17
5551 17
4068 17
5750 17
5104 17
3995 17
3455 17
4561 17
4648 17
4069 17
4849 17
5399 17
5391 17
4796 17
4732 17
3832 17
3838 17
4797 17
5370 17
5120 17
5782 17
3391 17
5062 17
6067 17
2926 17
4836 17
5813 17
4392 17
4385 17
4610 17
4425 17
4390 17
5322 17
5540 17
4420 17
6255 17
3581 17
4986 17
3908 17
3528 17
5280 17
5249 17
4652 17
4970 17
5155 17
4133 17
5689 17
5986 17
5053 17
2759 17
5324 17
4863 17
2687 17
5666 17
6090 17
5500 17
3373 17
3988 17
3303 17
5752 17
5968 17
3469 17
4779 17
2662 17
6041 17
4201 17
3814 17
3612 17
5194 17
4179 17
6038 17
5835 17
4629 17
5297 17
3789 17
4494 17
6061 17
5409 17
2991 17
4142 17
5787 17
4904 17
4131 17
4910 17
5816 17
5647 17
4802 17
4072 17
5865 17
6189 17
5319 17
6549 17
4716 17
5293 17
4937 17
4039 17
5517 17
4935 17
6095 17
4149 17
5186 17
4464 17
4306 17
5874 17
4358 17
4402 17
3041 17
3695 17
6213 17
3736 17
6174 17
4677 17
5543 17
5036 17
5964 17
5431 17
4343 17
4354 17
4483 17
4760 17
3933 17
4950 17
4684 17
4092 17
4251 17
3040 17
3712 17
5598 17
4193 17
5490 17
4157 17
6225 17
5902 17
5278 17
5619 17
5800 17
4830 17
4719 17
4323 17
5574 17
6201 17
4822 17
3020 17
4156 17
4717 17
5170 17
5608 17
4208 17
4772 17
4621 17
4021 17
4404 17
4518 17
6139 17
4962 17
5664 17
4311 17
4202 17
4553 17
3758 17
5478 17
5754 17
5312 17
4770 17
3678 17
5169 17
4923 17
4427 17
5336 17
3313 17
6334 17
5347 17
5797 17
3870 17
4665 17
3728 17
6026 17
4762 17
5758 17
5871 17
5182 17
3619 17
4659 17
5206 17
4623 17
6024 17
3444 17
3928 17
4466 17
4626 17
5706 17
4705 17
4803 17
6233 17
4273 17
5193 17
3631 17
5241 17
6203 17
3708 17
5721 17
4531 17
4569 17
5873 17
4175 17
6019 17
4691 17
6287 17
6351 17
5638 17
4823 17
5355 17
5340 17
3521 17
5198 17
3311 17
5984 17
5329 17
5304 17
4407 17
5547 17
5866 17
4429 17
4099 17
4312 17
3653 17
4718 17
5275 17
6072 17
4645 17
4282 17
3751 17
5623 17
5685 17
4075 17
3756 17
5421 17
3592 17
5811 17
6092 17
6220 17
5709 17
5394 17
4513 17
3382 17
5600 17
4733 17
4270 17
6108 17
5327 17
5760 17
5256 17
4393 17
5125 17
3925 17
4846 17
4984 17
5527 17
4948 17
6319 17
6476 17
4428 17
5843 17
5197 17
6401 17
5437 17
3228 17
6455 17
2927 17
4170 17
3706 18
5253 18
5162 18
4580 18
4455 18
3213 18
6151 18
5469 18
5501 18
5544 18
4841 18
4050 18
3881 18
4044 18
5147 18
4596 18
3701 18
5509 18
4622 18
4879 18
5801 18
3358 18
5726 18
4848 18
5134 18
5358 18
4568 18
6134 18
4249 18
4112 18
3973 18
5915 18
6250 18
4993 18
5454 18
5094 18
4721 18
4023 18
5258 18
6118 18
5504 18
3668 18
4015 18
4549 18
4928 18
3250 18
4192 18
3975 18
6006 18
4775 18
5503 18
4432 18
3512 18
4168 18
5344 18
5300 18
4687 18
3675 18
3825 18
4554 18
3179 18
5765 18
3555 18
5202 18
5219 18
4517 18
5152 18
5067 18
5748 18
5158 18
5792 18
4223 18
4274 18
4341 18
4644 18
3893 18
4851 18
4226 18
3984 18
5549 18
4315 18
4887 18
3824 18
5205 18
5306 18
5827 18
3993 18
4607 18
3749 18
4838 18
4567 18
4294 18
4969 18
4657 18
4753 18
4964 18
2608 18
3428 18
4057 18
4307 18
4842 18
5799 18
2914 18
4656 18
4263 18
4340 18
5757 18
3857 18
5363 18
4793 18
5196 18
3158 18
4666 18
6110 18
5472 18
4460 18
5031 18
4731 18
5667 18
4558 18
4843 18
5386 18
5382 18
5242 18
4739 18
3826 18
5003 18
4088 18
4725 18
5156 18
4257 18
3932 18
4521 18
4137 18
3280 18
5321 18
3968 18
5764 18
4328 18
5221 18
5790 18
3502 18
5772 18
4195 18
3990 18
3871 18
3458 18
3674 18
3377 18
3888 18
5348 18
4686 18
5484 18
5161 18
3586 18
5150 18
4599 18
4516 18
4989 18
2789 18
5456 18
4472 18
4936 18
5144 18
5471 18
3134 18
5282 18
5339 18
4814 18
4209 18
5656 18
4965 18
3338 18
3094 18
5233 18
4552 18
4444 18
5153 18
2779 18
5367 18
5747 18
4085 18
3635 18
3170 18
4862 18
4321 18
4897 18
5613 18
4551 18
5430 18
3817 18
3930 18
3865 18
5078 18
4839 18
4588 18
5447 18
4132 18
5955 18
4086 18
4632 18
3582 18
5390 18
3364 18
3786 18
4155 18
4943 18
4683 18
3384 18
5019 18
4468 18
3556 18
5393 18
4264 18
4868 18
5653 18
3823 18
6236 18
4668 18
4872 18
5417 18
4724 18
4485 18
5825 18
3707 18
5168 18
4452 18
5602 18
5111 18
4337 18
3147 18
4765 18
3574 18
5006 18
4123 18
4572 18
5262 18
4757 18
4946 18
4595 18
4761 18
4542 18
5140 18
2858 18
3435 18
3411 18
5470 18
6035 18
5854 18
6068 18
3448 18
4293 18
5151 18
5537 18
3204 18
4997 18
3259 18
5582 18
5335 18
3986 18
3285 18
5301 18
4617 18
3829 18
4959 18
2883 18
4212 18
4723 18
2832 18
5828 18
4671 18
5402 18
4338 18
5146 18
4856 18
5510 18
5341 18
4526 18
3886 18
5495 18
5516 18
4556 18
6135 18
5004 18
4303 18
4886 18
3931 18
3935 18
4349 18
4947 18
4178 18
3087 18
4266 18
4646 18
4196 18
5180 18
4400 18
4501 18
4254 18
5563 18
4608 18
4397 18
5063 18
5172 18
4953 18
4162 18
3296 18
3415 18
3744 18
5333 18
5684 18
5121 18
4771 18
5267 18
5671 18
2599 18
3095 18
4898 18
3796 18
4988 18
4996 18
3576 18
4697 18
5383 18
4129 18
3683 18
3813 18
3939 18
5074 18
3954 19
3074 19
4876 19
3433 19
2978 19
4374 19
5106 19
3350 19
4040 19
3654 19
5845 19
4310 19
3255 19
4239 19
5360 19
3117 19
4743 19
3507 19
4591 19
3733 19
3949 19
4530 19
3299 19
4376 19
4903 19
4575 19
3043 19
4815 19
3334 19
5136 19
3944 19
5129 19
4347 19
4548 19
5629 19
4206 19
3781 19
3963 19
5251 19
3616 19
4061 19
4883 19
5191 19
4873 19
3220 19
4187 19
4104 19
4194 19
4434 19
4287 19
3564 19
4289 19
5798 19
4754 19
3352 19
4546 19
4751 19
4053 19
3269 19
4512 19
4221 19
3131 19
2976 19
5882 19
4811 19
5192 19
3659 19
5372 19
3318 19
3196 19
4236 19
5371 19
3895 19
3794 19
3317 19
3704 19
4496 19
3628 19
5185 19
2922 19
3421 19
3159 19
3818 19
3611 19
4077 19
4052 19
4475 19
3880 19
4473 19
4837 19
3748 19
4116 19
4618 19
4555 19
5154 19
4272 19
2973 19
5224 19
4715 19
4095 19
4592 19
3107 19
4019 19
3257 19
3485 19
3067 19
4302 19
4386 19
5143 19
4041 19
4514 19
3526 19
4660 19
4161 19
4334 19
4522 19
3509 19
4782 19
4080 19
5122 19
3236 19
4858 19
3514 19
3649 19
3699 19
4781 19
3416 19
2824 19
4325 19
3958 19
3480 19
4636 19
5743 19
3714 19
2799 19
3289 19
4543 19
4351 19
4579 19
3835 19
3936 19
3427 19
4353 19
3314 19
4484 19
4103 19
4451 19
4412 19
4538 19
3816 19
3670 19
4711 19
3757 19
5051 19
4598 19
4409 19
3547 19
5149 19
4808 19
3439 19
3365 19
3110 19
3356 19
4449 19
3885 19
2772 19
4336 19
2996 19
5076 19
4667 19
3624 19
3753 19
2714 19
3434 19
3795 19
1725 19
3665 19
4084 19
4817 19
4081 19
4795 19
4284 19
3978 19
3657 19
4171 19
3661 19
3803 19
4456 19
4198 19
5422 19
5238 19
5830 19
5013 19
5118 19
3210 19
2576 19
4234 19
4087 19
4990 19
4217 19
4134 19
3516 19
4458 19
4279 19
3445 19
5263 19
4225 19
4487 19
5294 19
2867 19
4450 19
5284 19
4693 19
3692 19
3697 19
4778 19
4163 19
3921 19
2885 19
4570 19
3343 19
3904 19
4335 19
3850 19
4467 19
3465 19
3625 19
2663 19
4280 19
5073 19
4443 19
4507 19
3929 19
3154 19
3340 19
5326 19
4832 19
3785 19
4197 19
3007 19
4436 19
4062 19
3780 19
2974 19
3293 19
3863 19
5007 19
4205 19
3591 19
3806 19
2985 19
4406 19
4889 19
2764 19
3606 19
5357 19
5292 19
4597 19
5283 19
5265 19
3506 19
3694 19
4860 19
3436 19
3641 19
4510 19
2812 19
4773 19
4188 19
4675 19
4560 19
5005 19
3260 19
4649 19
5071 19
3481 19
4539 19
3943 19
4214 19
4835 19
3560 19
4498 19
5195 19
3239 19
4408 19
4025 19
3836 19
3393 19
4729 19
4535 19
2987 19
3776 19
5498 19
5057 19
3981 19
4850 19
4152 19
3673 19
5148 19
3918 19
3765 19
4625 19
3723 19
3721 19
4437 19
3342 19
4604 19
3414 19
4465 19
3033 19
4423 19
3792 19
4951 19
3050 19
3446 19
4401 19
4190 19
3410 19
4145 19
4583 19
4346 19
2983 19
4810 19
4382 19
2536 19
4857 19
5025 19
2890 19
4650 19
2455 19
4122 19
4049 19
4559 19
5459 20
4655 20
3971 20
3715 20
3655 20
4609 20
4557 20
4692 20
4248 20
4416 20
3985 20
2047 20
3696 20
4812 20
3092 20
3906 20
4329 20
3233 20
4737 20
3495 20
3815 20
4550 20
3517 20
4433 20
3332 20
3173 20
4499 20
5050 20
4373 20
4125 20
5492 20
4482 20
3974 20
5159 20
3510 20
4024 20
4160 20
4497 20
2273 20
4509 20
5179 20
3914 20
4701 20
4746 20
3910 20
2607 20
5176 20
4676 20
4502 20
3125 20
3567 20
2519 20
3720 20
4089 20
3230 20
2652 20
3319 20
3828 20
3844 20
3279 20
3440 20
3742 20
4371 20
4233 20
4288 20
2733 20
3452 20
4430 20
4030 20
4396 20
4146 20
3562 20
3476 20
4616 20
4519 20
4359 20
3903 20
2888 20
3488 20
3887 20
2655 20
3948 20
2942 20
3583 20
4369 20
4704 20
3265 20
3961 20
4093 20
3511 20
3475 20
3032 20
4565 20
4268 20
4440 20
2633 20
3503 20
5112 20
4463 20
2934 20
3268 20
3371 20
3597 20
3198 20
1795 20
4082 20
4355 20
3729 20
4927 20
4722 20
2963 20
2920 20
3947 20
3977 20
3638 20
4824 20
3648 20
4138 20
2796 20
4006 20
5023 20
3408 20
4102 20
4900 20
3447 20
3553 20
4673 20
3498 20
3341 20
4204 20
3589 20
3029 20
4051 20
2333 20
4304 20
4009 20
4977 20
3745 20
4094 20
4296 20
3579 20
3860 20
3917 20
4109 20
4515 20
4319 20
3205 20
4158 20
3599 20
3651 20
3549 20
4681 20
4525 20
3691 20
3370 20
3890 20
4292 20
4978 20
5001 20
4271 20
3376 20
5108 20
4231 20
3155 20
4789 20
4768 20
5110 20
4222 20
2873 20
2836 20
3300 20
2981 20
3718 20
3284 20
4529 20
2571 20
3938 20
3876 20
4398 20
4174 20
4544 20
4672 20
3068 20
3202 20
3472 20
4581 20
3178 20
4975 20
5359 20
4564 20
4998 20
3873 20
3491 20
3690 20
3223 20
4118 20
3084 20
4017 20
3277 20
4613 20
4714 20
4885 20
3222 20
4368 20
2787 20
4748 20
4199 20
3722 20
4314 20
4213 20
3286 20
3156 20
2815 20
3976 20
2846 20
3093 20
4083 20
4020 20
4378 20
4176 20
4712 20
5342 20
4942 20
4411 20
4827 20
3996 20
3804 20
3600 20
5288 20
4614 20
1703 20
3283 20
3315 20
2807 20
3360 20
4624 20
3717 20
4421 20
3531 20
4611 20
4480 20
2803 20
3407 20
3322 20
4435 20
3025 20
3955 20
2670 20
4987 20
3398 20
3568 20
5058 20
4728 20
3140 20
4219 20
4612 20
2988 20
3124 20
5476 20
4352 20
5093 20
4631 20
3144 20
4318 20
2275 20
3578 20
3176 20
4790 20
3333 20
4630 20
4071 20
4602 20
4014 20
3441 20
3070 20
5356 20
4442 20
3808 20
4054 20
4260 20
3861 20
5030 20
4124 20
4585 20
3457 20
3879 20
4453 20
3584 20
4344 20
3937 20
4584 20
4469 20
2902 20
3987 20
3463 20
4237 20
3392 20
4032 20
3590 21
2588 21
4147 21
3346 21
1639 21
4327 21
3339 21
3763 21
4110 21
2192 21
3875 21
3082 21
2797 21
3666 21
4818 21
3849 21
4663 21
3404 21
2747 21
3079 21
3882 21
4439 21
3274 21
3058 21
2767 21
3778 21
2953 21
4143 21
3924 21
4955 21
3896 21
3442 21
4173 21
4414 21
3276 21
3052 21
3462 21
4265 21
2132 21
4216 21
3001 21
3500 21
4200 21
3044 21
3892 21
3203 21
4528 21
2940 21
3524 21
3927 21
3640 21
3672 21
4018 21
2575 21
4438 21
3805 21
2939 21
2121 21
3819 21
4750 21
4108 21
3518 21
3959 21
2595 21
3085 21
2850 21
3669 21
3831 21
2570 21
4703 21
3603 21
4181 21
4504 21
3449 21
3622 21
2814 21
3570 21
4541 21
3679 21
3540 21
3083 21
3184 21
3146 21
4253 21
2742 21
3538 21
2948 21
2556 21
4047 21
3643 21
4090 21
4866 21
5056 21
3851 21
2731 21
3366 21
3133 21
2693 21
3417 21
2802 21
3325 21
3821 21
3554 21
3755 21
2770 21
3774 21
3438 21
3982 21
2790 21
3243 21
3483 21
4150 21
2720 21
5183 21
3261 21
4384 21
5042 21
3735 21
3486 21
4301 21
3676 21
3767 21
4207 21
4011 21
2719 21
4046 21
3312 21
2214 21
2534 21
4639 21
3623 21
3530 21
4000 21
3012 21
3108 21
3021 21
4641 21
4696 21
4388 21
4799 21
4010 21
2560 21
2839 21
4470 21
3687 21
3451 21
3201 21
4107 21
3534 21
4320 21
2448 21
3965 21
3962 21
2434 21
4210 21
3609 21
3181 21
3275 21
5102 21
4008 21
2932 21
3646 21
3461 21
4037 21
4105 21
3713 21
4506 21
3118 21
3858 21
3345 21
5032 21
4235 21
3739 21
4151 21
2564 21
4258 21
3883 21
4816 21
3357 21
4520 21
3321 21
3535 21
3671 21
4365 21
3664 21
3872 21
2558 21
3650 21
4066 21
4167 21
4060 21
4063 21
3680 21
4794 21
3519 21
3273 21
3132 21
4391 21
4141 21
2426 21
3837 21
4120 21
3005 21
3633 21
3432 21
3798 21
4800 21
3702 21
4594 21
4106 21
3822 21
3367 21
3467 21
3571 21
3580 21
4894 21
3123 21
3249 21
5141 21
3889 21
2246 21
4902 21
3520 21
3726 21
2074 21
4505 21
3191 21
3335 21
3362 21
3247 21
3853 21
3801 21
2391 21
2370 21
4070 21
4227 21
2961 21
3775 21
4395 21
2328 21
3046 21
2292 21
3426 21
3950 21
4459 21
4295 21
4490 21
4076 21
3344 21
3677 21
3960 21
3409 21
4486 21
2845 21
3471 21
3575 21
2982 21
3187 21
3630 21
3172 21
4316 21
3368 21
4013 21
4479 21
3282 21
4491 21
4593 21
5084 21
3693 21
3894 21
3400 21
4203 21
3306 21
4348 21
2654 21
2557 22
3378 22
4211 22
2175 22
4380 22
2928 22
3652 22
3543 22
3827 22
3558 22
3006 22
4298 22
3979 22
3098 22
3663 22
3737 22
2993 22
4326 22
3820 22
2870 22
2494 22
3258 22
2491 22
3057 22
2267 22
3086 22
4126 22
3251 22
3412 22
3905 22
2350 22
3453 22
2994 22
3866 22
4003 22
3168 22
3615 22
4022 22
4007 22
3405 22
3810 22
3278 22
4098 22
4394 22
1597 22
3206 22
3152 22
4305 22
4276 22
2937 22
3379 22
3799 22
4035 22
3262 22
2776 22
3621 22
2207 22
3843 22
4043 22
2837 22
3330 22
3192 22
3484 22
3466 22
3336 22
3845 22
3349 22
2943 22
3842 22
2672 22
3030 22
2056 22
3302 22
4462 22
2162 22
3784 22
2901 22
2801 22
3569 22
4184 22
2774 22
3620 22
2610 22
3182 22
3700 22
3042 22
3026 22
2635 22
3478 22
3193 22
4182 22
4445 22
3934 22
3782 22
3189 22
4065 22
3730 22
3686 22
4547 22
3532 22
2866 22
2400 22
3840 22
2997 22
2900 22
3709 22
3884 22
3862 22
2847 22
4446 22
4042 22
4481 22
2237 22
3148 22
3304 22
4503 22
3743 22
4127 22
4833 22
4048 22
4791 22
3565 22
2965 22
3454 22
3662 22
4702 22
4169 22
2444 22
2777 22
3902 22
3760 22
4493 22
3194 22
3588 22
3429 22
4283 22
3830 22
1843 22
3473 22
2794 22
2781 22
1935 22
3969 22
3812 22
2664 22
2502 22
2183 22
3738 22
4308 22
3897 22
3114 22
2905 22
3073 22
2694 22
3047 22
3402 22
3397 22
2318 22
2906 22
2752 22
3800 22
2574 22
3320 22
2986 22
2956 22
3348 22
4180 22
3002 22
3593 22
3492 22
3355 22
4059 22
3508 22
1979 22
4524 22
4577 22
2516 22
2992 22
3848 22
3771 22
2904 22
2392 22
3874 22
3177 22
3790 22
2970 22
3115 22
4324 22
3424 22
3090 22
3351 22
3307 22
4492 22
2439 22
2784 22
3487 22
2746 22
3637 22
2553 22
2285 22
4028 22
2451 22
3474 22
4033 22
4372 22
2446 22
4281 22
3682 22
3901 22
2254 22
4363 22
3214 22
3667 22
3809 22
2971 22
4153 22
2806 22
3632 22
1930 22
4159 22
3102 22
3966 22
3636 22
4154 22
3141 22
4820 22
3537 22
2933 22
4230 22
3037 22
3112 22
3608 22
3983 22
2447 23
3911 23
3734 23
3546 23
1700 23
3027 23
2951 23
3523 23
3075 23
2511 23
3573 23
3225 23
2791 23
2848 23
3899 23
3138 23
2716 23
3359 23
4399 23
2346 23
3489 23
2606 23
2724 23
3105 23
3572 23
2656 23
3761 23
3045 23
2936 23
2642 23
4058 23
3869 23
3018 23
3374 23
2496 23
2661 23
2034 23
3529 23
2184 23
3153 23
1916 23
2199 23
2862 23
3497 23
3437 23
3028 23
1158 23
3383 23
3013 23
3425 23
3607 23
2386 23
2312 23
2298 23
2821 23
4600 23
2117 23
3768 23
2698 23
2639 23
3490 23
3145 23
2096 23
3552 23
2676 23
3585 23
2242 23
3287 23
3199 23
3385 23
3811 23
2709 23
3642 23
2967 23
3764 23
2288 23
3113 23
2594 23
4356 23
2861 23
2955 23
2766 23
3055 23
2998 23
3142 23
4004 23
3372 23
3327 23
3793 23
3161 23
2816 23
4031 23
3295 23
4064 23
2261 23
3266 23
2548 23
3326 23
3106 23
4241 23
3337 23
4290 23
3183 23
4534 23
2808 23
2634 23
2876 23
2463 23
2680 23
2743 23
1910 23
3324 23
1888 23
3940 23
3732 23
2167 23
2381 23
2068 23
3777 23
2609 23
3779 23
3601 23
3216 23
3605 23
3598 23
3769 23
2841 23
3420 23
2517 23
2683 23
2918 23
2871 23
3309 23
3644 23
2049 23
3557 23
1528 23
2911 23
2864 23
3212 23
2763 23
3151 23
3443 23
1594 23
2621 23
2945 23
2884 23
3945 23
3252 23
2715 23
2440 23
3104 23
3323 23
2969 23
2734 23
3658 23
2125 23
2215 23
4026 23
4002 23
2771 23
3941 23
3891 23
3331 23
3401 23
2123 23
3627 23
2545 23
3951 23
2962 23
2297 23
3878 23
2416 23
4587 23
2627 23
2378 23
3525 23
3060 23
4073 23
2265 23
3004 23
3016 23
2454 23
3855 23
3533 23
3847 23
3602 23
2404 23
1719 23
3066 23
1977 23
2048 23
1771 23
3354 23
1610 23
4001 23
3109 23
3281 23
3091 23
2628 23
3752 23
3957 23
3916 23
3750 23
2645 23
3561 23
3088 23
2929 23
2547 23
2665 23
3566 23
2155 23
2697 23
3015 23
2817 23
3232 23
2587 23
4055 23
3710 23
3464 23
3023 23
3770 23
3807 23
2033 23
4038 23
2907 23
2586 23
3762 23
3867 23
3797 23
2185 23
3116 24
2500 24
2649 24
2857 24
3563 24
2703 24
2620 24
2980 24
2601 24
2788 24
4232 24
2915 24
3868 24
4191 24
2561 24
2332 24
3681 24
3136 24
3190 24
2287 24
3594 24
2197 24
2755 24
3000 24
3111 24
2843 24
3716 24
3952 24
3629 24
3396 24
2194 24
2757 24
3294 24
3423 24
2466 24
3200 24
3036 24
3970 24
3127 24
3380 24
2001 24
1645 24
3022 24
2481 24
3308 24
2964 24
3195 24
2268 24
2825 24
3406 24
3253 24
3766 24
2924 24
4267 24
3459 24
3071 24
3053 24
1873 24
2461 24
2952 24
2619 24
2172 24
3499 24
2355 24
2211 24
2335 24
3864 24
3227 24
3301 24
2549 24
2896 24
2591 24
2179 24
3719 24
3551 24
2921 24
3689 24
3645 24
3964 24
2887 24
3149 24
3150 24
3913 24
2999 24
2711 24
2071 24
3119 24
3164 24
2874 24
1852 24
1922 24
2072 24
3353 24
2217 24
2736 24
2579 24
3919 24
3841 24
2151 24
2005 24
3328 24
2990 24
2227 24
2469 24
3450 24
3003 24
4183 24
2666 24
2968 24
2995 24
3587 24
2855 24
3207 24
1698 24
2653 24
2912 24
1800 24
2210 24
3238 24
1984 24
2524 24
2176 24
2243 24
2958 24
2480 24
2891 24
3618 24
3688 24
3310 24
3456 24
2726 24
2406 24
2313 24
3375 24
2427 24
2972 24
2174 24
2631 24
1844 24
1822 24
3846 24
3541 24
3802 24
3513 24
2949 24
3477 24
3219 24
2438 24
4111 24
3747 24
2060 24
3909 24
2699 24
3387 24
3064 24
3394 24
3186 24
2415 24
2882 24
2573 24
3539 24
2019 24
3545 24
2957 24
4243 24
3180 24
3221 24
2708 24
2578 24
2675 24
3329 24
3218 24
2600 24
2758 24
2886 24
2309 24
2475 24
2923 24
2596 24
2615 24
4012 24
2399 24
3267 24
2577 24
3069 24
2822 24
2597 24
3245 24
2614 24
4244 24
2833 24
2282 24
2203 24
2622 24
3209 24
3100 24
2768 24
2423 25
3246 25
3197 25
3772 25
3248 25
2320 25
3099 25
2045 25
2504 25
2177 25
2485 25
2296 25
2178 25
2244 25
3724 25
2441 25
2537 25
3305 25
2805 25
3536 25
2258 25
2903 25
3024 25
2637 25
2785 25
3386 25
2160 25
3229 25
3390 25
3072 25
2431 25
2340 25
2127 25
3727 25
2086 25
2754 25
2014 25
2979 25
3698 25
1864 25
1790 25
2066 25
2542 25
1539 25
2555 25
2065 25
2418 25
2366 25
1946 25
3617 25
2941 25
2420 25
2730 25
3389 25
2551 25
3705 25
3994 25
2510 25
1753 25
3656 25
2842 25
3034 25
2778 25
2303 25
2696 25
2234 25
2425 25
3711 25
3369 25
3009 25
2010 25
2638 25
2646 25
3135 25
3175 25
1878 25
3076 25
2472 25
3065 25
2301 25
1876 25
3061 25
2977 25
3647 25
2935 25
2989 25
3254 25
3241 25
1937 25
2224 25
3215 25
1786 25
1760 25
2079 25
2565 25
3515 25
3946 25
2946 25
2347 25
2749 25
3559 25
2640 25
3288 25
3157 25
1927 25
1959 25
2641 25
3010 25
2966 25
3242 25
2422 25
3431 25
2625 25
2765 25
3399 25
3468 25
3174 25
3160 25
2925 25
2593 25
3224 25
2442 25
1899 25
2893 25
1734 25
3660 25
2868 25
2518 25
3419 25
2737 25
3129 25
2657 25
2583 25
3211 25
2898 25
2673 25
3501 25
2205 25
2881 25
2667 25
2278 25
2361 25
3011 25
2076 25
2150 25
3773 25
2773 25
1576 25
3626 25
2250 25
2908 25
3049 25
1874 25
2910 25
2051 25
2398 25
3470 25
3291 25
2016 25
2000 25
3081 25
2899 25
2559 25
1387 25
2745 25
2538 25
2476 25
2499 25
3240 25
3169 25
2684 25
2493 25
2859 25
3422 25
3166 25
1629 25
2700 25
2938 25
2598 25
2717 25
3234 25
2488 25
2122 25
2527 25
2775 25
3505 25
2429 25
3942 25
3031 25
2844 25
2473 25
2339 25
2753 25
2823 25
3783 26
2239 26
1430 26
2459 26
2723 26
3482 26
1661 26
2543 26
2334 26
2385 26
3381 26
1756 26
1789 26
2679 26
1714 26
2831 26
2375 26
3550 26
2364 26
1428 26
2141 26
3361 26
1915 26
2146 26
1631 26
2465 26
3121 26
2729 26
1841 26
2219 26
2750 26
3188 26
3077 26
2372 26
2632 26
2035 26
2164 26
2169 26
2409 26
2486 26
2457 26
2445 26
2478 26
2453 26
2221 26
2761 26
2624 26
2691 26
3089 26
1792 26
2046 26
2535 26
3430 26
3270 26
2895 26
2838 26
2960 26
3014 26
1668 26
3051 26
2959 26
2678 26
2452 26
2464 26
1669 26
1570 26
3493 26
2388 26
2362 26
2229 26
2379 26
2944 26
3185 26
1612 26
1949 26
3139 26
1890 26
2271 26
2721 26
1960 26
2138 26
1758 26
2136 26
3128 26
2877 26
1580 26
2554 26
2826 26
2291 26
1201 26
1720 26
2058 26
3256 26
2087 26
1683 26
2878 26
2566 26
2156 26
2616 26
2144 26
3548 26
2166 26
2321 26
1609 26
2390 26
1560 26
2007 26
2710 26
2602 26
3297 26
2337 26
1715 26
3316 26
2449 26
1994 26
3096 26
2191 26
2305 26
2508 26
2266 26
1811 26
1545 26
2613 26
2660 26
2872 26
2235 26
1640 26
2692 26
2168 26
2368 26
2828 26
2100 26
3740 26
1736 26
3604 26
3097 26
2487 26
3542 26
2307 26
2380 26
1883 26
3226 26
2782 26
2889 26
2414 26
2592 26
2198 26
2338 26
2367 26
2756 26
1748 26
1686 26
2344 26
3413 26
3235 26
2617 26
1838 26
2605 26
3056 26
2295 26
2253 26
2424 26
1826 26
2913 26
2544 26
2149 26
1968 26
3639 26
3244 26
2514 26
1963 26
2688 26
1768 26
2792 26
2531 26
2140 27
1834 27
2798 27
2064 27
2314 27
2659 27
1622 27
1709 27
2811 27
1853 27
2512 27
3418 27
2865 27
1624 27
1429 27
1775 27
2331 27
2349 27
3167 27
2541 27
2329 27
3101 27
2154 27
2706 27
3272 27
1491 27
2458 27
2954 27
1785 27
1632 27
1341 27
2325 27
2468 27
2728 27
2563 27
2522 27
2856 27
1845 27
2460 27
1506 27
2689 27
2257 27
2681 27
2402 27
3264 27
2604 27
3038 27
2186 27
2393 27
1604 27
1549 27
1815 27
2018 27
3479 27
2052 27
2810 27
2403 27
3544 27
2284 27
2783 27
2800 27
1965 27
2435 27
1942 27
2073 27
2528 27
2690 27
1502 27
2223 27
2216 27
2550 27
2712 27
3122 27
2636 27
3059 27
2879 27
1857 27
2919 27
2099 27
1821 27
2105 27
3120 27
3231 27
1905 27
3039 27
3103 27
3290 27
3162 27
2894 27
3008 27
1743 27
2572 27
1738 27
2248 27
2618 27
1075 27
2892 27
1784 27
1875 27
2302 27
2374 27
2030 27
2180 27
2062 27
1931 27
2377 27
2740 27
1499 27
1854 27
2917 27
2249 27
2306 27
2674 27
1246 27
2809 27
2120 27
2240 27
2145 27
2947 27
2539 27
2119 27
2101 27
2725 27
2525 27
1926 27
1947 27
3078 27
2658 27
2044 27
1974 27
1267 27
2930 27
1803 27
2786 27
1810 27
1956 27
2533 27
2880 27
2769 27
2025 27
1900 27
2744 28
2057 28
2569 28
2363 28
1490 28
1921 28
1999 28
2739 28
2835 28
2437 28
2860 28
3163 28
2181 28
1598 28
1751 28
2336 28
1329 28
3062 28
1493 28
3171 28
2143 28
2238 28
2695 28
1940 28
2648 28
1134 28
2281 28
2293 28
2070 28
1740 28
1846 28
1799 28
2022 28
1109 28
2330 28
2707 28
2157 28
3217 28
2222 28
2090 28
2585 28
3208 28
1548 28
1862 28
2304 28
2532 28
3017 28
1913 28
1600 28
2916 28
2116 28
3048 28
2530 28
2011 28
1555 28
3035 28
2647 28
2341 28
2039 28
1448 28
2735 28
1985 28
2582 28
1596 28
1928 28
2077 28
2668 28
2626 28
1116 28
1399 28
2580 28
2220 28
3298 28
2671 28
2091 28
2751 28
2685 28
3054 28
2795 28
2231 28
2456 28
2830 28
2704 28
2851 28
1750 28
2080 28
3126 28
2732 28
2840 28
1823 28
2623 28
2829 28
2182 28
1793 28
2218 28
1638 28
1912 28
1726 28
2780 28
1982 28
2308 28
2247 28
2384 28
2686 28
2584 28
2748 28
2270 28
1881 28
1757 28
2017 28
2023 28
2069 28
3263 28
2629 28
2259 28
2013 28
1833 28
1794 28
1918 28
2702 28
2722 28
1992 28
2869 28
2738 28
2200 28
2484 28
2741 28
1677 28
2153 28
2909 28
2793 28
2358 28
1256 28
2950 28
2107 28
2319 28
2433 28
1813 28
2027 28
1547 28
3080 28
1867 28
3130 28
2490 28
2148 28
2471 28
1958 28
1765 28
1798 28
1986 29
2567 29
2827 29
2818 29
2677 29
2137 29
2813 29
2568 29
1590 29
2213 29
2112 29
2208 29
1707 29
2492 29
1870 29
2520 29
2315 29
1618 29
2084 29
2371 29
2264 29
2852 29
2196 29
2082 29
1884 29
1978 29
2718 29
1860 29
2165 29
1964 29
2523 29
2443 29
2421 29
2260 29
2015 29
2272 29
2279 29
970 29
2975 29
2108 29
2230 29
2053 29
1366 29
1951 29
1782 29
2897 29
2209 29
1368 29
2875 29
2467 29
2212 29
1634 29
1345 29
1943 29
2507 29
2026 29
2408 29
2630 29
2354 29
2342 29
1886 29
1536 29
1338 29
2651 29
2611 29
2804 29
1427 29
2094 29
2401 29
2089 29
2701 29
1898 29
2294 29
2540 29
1712 29
1721 29
1566 29
2450 29
2021 29
2479 29
1441 29
1983 29
2590 29
1766 29
2503 29
2407 29
2526 29
1168 29
2521 29
2351 29
2644 29
2713 29
1895 29
1952 29
2310 29
1972 29
2482 29
2984 29
1919 29
2103 29
1948 29
2322 29
2546 29
2834 29
2269 29
1619 29
2036 29
2040 29
1688 29
1735 29
1342 29
1369 29
1856 29
2430 29
1524 29
2206 29
1166 29
2098 29
1701 29
1431 29
2413 29
1603 29
1454 29
1675 30
2092 30
1551 30
1858 30
1573 30
2650 30
1261 30
1739 30
2682 30
1486 30
1533 30
1364 30
1602 30
2088 30
2506 30
2357 30
1540 30
1809 30
1872 30
2819 30
2008 30
1731 30
2134 30
1694 30
1444 30
1772 30
2236 30
1716 30
1933 30
2495 30
1970 30
2327 30
2474 30
2299 30
2477 30
2849 30
1680 30
1859 30
1955 30
1967 30
2417 30
992 30
1526 30
1613 30
2111 30
1776 30
2173 30
1567 30
1447 30
1904 30
2059 30
2343 30
1973 30
2276 30
1155 30
2369 30
1773 30
2376 30
2286 30
1284 30
2032 30
2110 30
2163 30
1763 30
1962 30
1911 30
1541 30
1866 30
2360 30
2190 30
1667 30
2760 30
2405 30
1337 30
2255 30
2581 30
2428 30
2489 30
1704 30
1673 30
2497 30
1557 30
1647 30
1897 30
2004 30
2552 30
2113 30
1608 30
2436 30
1989 30
2462 30
1322 30
2396 30
1808 30
2501 30
1903 30
2669 30
2277 30
1887 30
2188 30
2820 30
1737 30
2853 30
2252 30
2483 30
2589 30
1745 30
1443 30
2603 30
1998 30
1917 30
1508 30
2397 30
1663 30
1806 30
2102 30
1477 30
1037 31
1583 31
2324 31
2316 31
1666 31
2612 31
1988 31
2171 31
1348 31
1891 31
1465 31
1339 31
1641 31
2095 31
2498 31
1525 31
2389 31
1252 31
1684 31
1416 31
2031 31
1828 31
2020 31
2311 31
2283 31
2232 31
1696 31
1991 31
1742 31
1593 31
2106 31
1411 31
2115 31
2353 31
2124 31
1579 31
2139 31
2348 31
2394 31
1512 31
2006 31
2323 31
2274 31
2727 31
943 31
1543 31
2085 31
1335 31
2359 31
2063 31
1432 31
2326 31
2233 31
1361 31
1865 31
1787 31
1336 31
1902 31
2041 31
2352 31
974 31
2515 31
1405 31
1649 31
2028 31
2067 31
2061 31
1450 31
1764 31
1936 31
1119 31
1938 31
1617 31
2204 31
1556 31
2562 31
1829 31
2037 31
1752 31
1091 31
1802 31
2470 31
1435 31
1279 31
2202 31
1635 31
1693 31
1530 31
2382 31
2131 31
1689 31
1585 31
2104 31
1319 31
1426 31
2643 31
2126 31
1483 31
1648 31
2158 31
2083 31
1674 31
1990 31
2128 31
1309 31
2002 31
1510 31
1296 31
2201 31
2373 31
1642 31
1621 31
2147 31
2529 31
1812 31
1837 31
1825 31
1607 32
1863 32
1678 32
1421 32
1672 32
1896 32
1847 32
2505 32
1889 32
2193 32
1836 32
1839 32
1628 32
1614 32
1347 32
1861 32
1732 32
2262 32
1463 32
1511 32
1587 32
1929 32
2317 32
2161 32
1478 32
1975 32
2280 32
1561 32
1542 32
1855 32
1901 32
1880 32
1241 32
1529 32
2356 32
2263 32
1500 32
1788 32
1643 32
1394 32
1434 32
1981 32
1633 32
1417 32
1377 32
1410 32
1321 32
1754 32
2170 32
2142 32
1827 32
2187 32
1571 32
1485 32
1271 32
2081 32
2289 32
1376 32
1406 32
1293 32
1507 32
2245 32
1925 32
1755 32
1939 32
1759 32
1724 32
2509 32
1229 32
2189 32
1849 32
1934 32
1476 32
1747 32
1439 32
1453 32
1237 32
2395 32
1114 32
1226 32
1950 32
1581 32
1657 32
1695 32
2513 32
1260 32
1253 32
1877 32
2159 32
1350 32
1746 32
1697 32
1308 32
1298 32
1733 32
2300 32
1646 32
2412 32
2345 32
1824 32
1389 33
1495 33
1143 33
1971 33
2038 33
2152 33
1381 33
1412 33
1814 33
1273 33
1459 33
2043 33
1976 33
1505 33
1671 33
1197 33
1774 33
1130 33
2410 33
1987 33
1954 33
1422 33
1173 33
1832 33
1479 33
1268 33
2365 33
2055 33
1433 33
1636 33
2411 33
1195 33
1504 33
1324 33
2228 33
1140 33
1299 33
1419 33
1565 33
1804 33
1893 33
1749 33
1767 33
1164 33
2251 33
1247 33
1458 33
1552 33
1497 33
1305 33
1908 33
1924 33
1515 33
2226 33
1601 33
1777 33
1407 33
1879 33
1388 33
1723 33
1653 33
1906 33
1519 33
2130 33
1467 33
2012 33
1468 33
1729 33
1496 33
1894 33
2432 33
1807 33
2114 33
1885 33
2075 33
1818 33
1327 33
1451 33
1679 33
1040 33
1360 33
1708 33
1685 33
1591 33
1516 33
2383 33
1318 33
1409 33
2419 33
1442 33
1687 33
1665 33
1326 33
1509 33
1997 33
2387 33
2241 33
1848 34
1692 34
1149 34
1690 34
1762 34
1078 34
1569 34
1325 34
1331 34
1791 34
1204 34
2195 34
1213 34
1892 34
2225 34
1969 34
2003 34
1328 34
2290 34
1055 34
1797 34
1830 34
1652 34
2109 34
1957 34
1630 34
1637 34
1121 34
1699 34
1574 34
1944 34
2093 34
1850 34
1868 34
1578 34
1263 34
1553 34
1655 34
1487 34
1801 34
2024 34
1651 34
928 34
1494 34
1869 34
1282 34
1941 34
1779 34
1835 34
1882 34
953 34
2256 34
1482 34
1582 34
1923 34
1373 34
2129 34
1378 34
1993 34
1761 34
1538 34
2135 34
1208 34
1920 34
1676 34
1210 34
1741 34
985 34
1820 34
1659 34
1283 34
2054 34
1098 34
1330 34
1108 34
1658 34
1871 34
1980 34
1067 34
1781 34
1770 34
1589 34
1778 34
1564 35
1907 35
1391 35
1112 35
2118 35
1532 35
1227 35
1702 35
1225 35
1966 35
1183 35
1606 35
2133 35
1452 35
935 35
1464 35
1076 35
1995 35
904 35
1153 35
1611 35
1805 35
1461 35
1354 35
1550 35
2009 35
2097 35
1191 35
1240 35
1301 35
1138 35
1851 35
1270 35
1401 35
1359 35
1029 35
1472 35
1445 35
1216 35
1456 35
843 35
1503 35
2042 35
915 35
1527 35
877 35
1577 35
1349 35
1914 35
901 35
1145 35
1144 35
1281 35
1518 35
1403 35
1230 35
1157 35
1816 35
1654 35
1523 35
964 35
1438 35
1562 35
1706 35
871 35
1072 35
1371 35
1375 35
1730 36
1744 36
1175 36
1264 36
1235 36
719 36
1605 36
2050 36
1198 36
1047 36
1027 36
1620 36
1215 36
1105 36
1291 36
1455 36
1727 36
1081 36
1498 36
1840 36
1053 36
1221 36
1396 36
1996 36
1272 36
1586 36
1162 36
1398 36
1007 36
1783 36
913 36
1945 36
2029 36
1932 36
1563 36
1269 36
1909 36
1460 36
1022 36
1079 36
1449 36
1644 36
1020 36
1554 36
1397 36
1656 36
1599 36
1278 36
1113 36
1615 36
1650 36
1386 36
1392 36
1691 36
1102 36
1953 36
1961 36
1046 36
2078 36
1559 36
1627 36
1250 36
1584 36
1780 36
1211 36
1769 36
1817 36
1670 36
1315 36
1367 36
982 36
1012 37
1842 37
968 37
1660 37
1059 37
1722 37
1085 37
1372 37
1517 37
1588 37
794 37
1224 37
1595 37
1710 37
1380 37
1514 37
1297 37
1521 37
1351 37
1262 37
1352 37
1379 37
1705 37
910 37
1728 37
1469 37
1082 37
1316 37
1035 37
1592 37
1819 37
1304 37
941 37
894 37
1408 37
845 37
1151 37
1295 37
1831 37
1717 37
1682 37
1254 37
1568 37
1038 37
1165 37
1120 37
1187 37
1302 37
1071 37
1147 37
1156 37
1192 37
1718 37
1052 37
1167 37
929 37
1044 37
1520 37
1203 37
1184 37
1010 37
1207 37
1480 37
1400 37
1097 37
1481 37
1664 37
1796 37
1289 37
1616 37
1065 37
1196 37
1457 37
1436 37
993 37
1066 38
1223 38
1356 38
1159 38
1068 38
1662 38
778 38
1107 38
947 38
1217 38
1248 38
1365 38
1043 38
962 38
1711 38
1437 38
955 38
908 38
938 38
893 38
1172 38
1625 38
1343 38
1219 38
1042 38
1466 38
1623 38
1462 38
1531 38
1063 38
1424 38
1513 38
945 38
708 38
1681 38
1288 38
1404 38
1161 38
1384 38
1332 38
762 38
984 38
1255 38
1420 38
1024 38
1095 38
926 38
1323 38
1575 38
1189 38
1344 38
1258 38
1317 38
1362 38
1473 38
1713 38
1475 38
1077 38
1415 38
1125 38
1148 39
1169 39
1265 39
1471 39
1070 39
986 39
1537 39
914 39
767 39
927 39
920 39
1280 39
1058 39
1544 39
1383 39
1626 39
907 39
1092 39
940 39
991 39
1300 39
891 39
1242 39
796 39
1099 39
1423 39
1142 39
1021 39
900 39
1069 39
1239 39
1205 39
933 39
1190 39
1222 39
783 39
998 39
1346 39
934 39
899 39
1199 39
959 39
1087 39
1446 39
1522 39
1303 39
1353 39
1089 39
1385 39
1418 39
834 39
1115 39
1546 39
1333 39
1414 40
1185 40
695 40
951 40
874 40
971 40
671 40
1017 40
1182 40
965 40
954 40
972 40
1193 40
815 40
1176 40
812 40
863 40
826 40
1174 40
1249 40
1016 40
1274 40
1090 40
814 40
1340 40
876 40
936 40
967 40
1209 40
1558 40
1395 40
1572 40
878 40
1015 40
1129 40
1233 40
1186 40
1355 40
1093 40
1390 40
1314 40
1275 40
640 40
1313 40
1086 40
1122 40
1160 40
1357 40
1286 40
1492 40
952 40
1290 41
1474 41
1232 41
1413 41
1374 41
780 41
1382 41
1311 41
1334 41
1218 41
987 41
1470 41
1393 41
1489 41
721 41
918 41
1214 41
961 41
1535 41
1179 41
797 41
1212 41
1402 41
1137 41
1101 41
1103 41
924 41
977 41
1488 41
836 41
1501 41
1146 41
788 41
1034 41
1054 41
872 41
769 41
1534 41
823 41
870 41
1194 41
1484 41
1110 42
1277 42
1177 42
1126 42
903 42
1117 42
1005 42
1123 42
1150 42
559 42
1100 42
868 42
902 42
712 42
1440 42
850 42
1178 42
1033 42
1363 42
880 42
1292 42
1370 42
888 42
837 42
1310 42
1236 42
909 42
841 42
1031 42
1132 42
1171 42
1036 42
1220 42
1358 42
787 42
981 42
1425 42
906 42
1206 42
1088 42
1188 42
741 42
881 42
1244 42
1008 42
1127 42
1056 42
921 43
1170 43
1080 43
1257 43
1057 43
1030 43
637 43
820 43
897 43
944 43
884 43
772 43
1025 43
599 43
822 43
705 43
848 43
875 43
1287 43
1014 43
1136 43
1320 43
939 43
768 43
973 43
1259 43
693 43
966 43
1234 43
1061 43
1001 43
930 43
931 43
979 43
752 43
980 43
895 43
718 43
1307 44
882 44
730 44
1049 44
856 44
1228 44
1106 44
727 44
1023 44
1118 44
562 44
1096 44
804 44
1128 44
937 44
854 44
1051 44
1181 44
660 44
990 44
534 44
723 44
983 44
1294 44
1050 44
995 44
569 44
946 44
748 44
1163 44
810 44
641 44
1048 44
565 44
851 44
1041 45
1131 45
989 45
1139 45
661 45
865 45
1266 45
869 45
1285 45
1251 45
1238 45
885 45
997 45
1000 45
1276 45
925 45
1064 45
1245 45
808 45
614 45
1306 45
846 45
883 45
1002 45
892 45
1243 45
1104 45
1312 45
879 45
999 45
976 45
840 45
646 45
1141 45
1202 45
1062 45
1180 45
681 45
969 45
852 45
664 45
626 45
710 45
1200 46
1018 46
760 46
581 46
764 46
1135 46
873 46
755 46
799 46
1083 46
1094 46
957 46
1152 46
716 46
1154 46
698 46
516 46
1231 46
735 46
633 46
1004 46
844 46
828 46
827 46
1111 46
691 46
862 46
835 46
709 46
554 47
738 47
544 47
866 47
533 47
615 47
919 47
551 47
1032 47
839 47
950 47
956 47
733 47
949 47
791 47
905 47
397 47
1011 47
679 47
833 47
975 47
1028 47
765 47
636 47
1009 47
786 47
1003 47
732 47
658 47
861 47
782 47
994 48
608 48
651 48
726 48
711 48
818 48
630 48
1019 48
510 48
776 48
690 48
809 48
696 48
751 48
996 48
948 48
749 48
988 48
757 48
978 48
911 48
1124 48
742 48
644 48
595 48
1133 48
864 48
798 48
1026 48
584 48
890 48
680 48
556 48
898 48
713 48
1045 48
887 48
917 48
1084 48
654 48
867 48
849 49
784 49
627 49
591 49
470 49
860 49
1074 49
825 49
629 49
683 49
766 49
958 49
829 49
666 49
747 49
1013 49
496 49
889 49
1060 49
678 49
1039 49
724 49
896 49
745 49
587 49
663 49
859 49
857 50
611 50
649 50
792 50
795 50
923 50
1006 50
753 50
555 50
817 50
756 50
790 50
717 50
855 50
567 50
687 50
771 50
694 50
689 50
832 50
647 50
728 50
1073 50
886 50
605 51
702 51
650 51
773 51
740 51
736 51
813 51
739 51
590 51
824 51
621 51
916 51
707 51
657 51
572 51
831 51
777 51
838 51
737 51
467 51
631 51
816 51
688 51
770 52
674 52
527 52
743 52
675 52
543 52
643 52
558 52
585 52
546 52
830 52
963 52
514 52
775 52
642 52
729 52
485 52
847 52
942 52
803 52
750 52
819 53
564 53
779 53
785 53
497 53
811 53
573 53
781 53
700 53
662 53
634 53
922 53
801 53
960 53
622 53
586 53
842 53
563 54
492 54
606 54
635 54
438 54
620 54
391 54
618 54
932 54
720 54
561 54
632 54
682 54
912 54
583 54
725 54
706 54
481 54
774 54
665 54
692 54
529 54
800 54
761 54
704 54
603 54
653 54
502 54
676 54
715 54
505 55
821 55
522 55
568 55
507 55
669 55
500 55
625 55
616 55
598 55
513 55
624 55
524 55
763 55
806 55
853 55
578 55
754 55
858 55
758 55
746 55
601 56
734 56
600 56
655 56
410 56
511 56
604 56
356 56
577 56
802 56
807 56
668 56
504 56
589 56
639 56
494 56
759 56
486 56
699 56
526 57
793 57
744 57
731 57
609 57
466 57
570 57
673 57
593 57
789 57
596 57
623 57
542 57
588 57
451 57
670 57
805 57
610 58
480 58
452 58
685 58
602 58
412 58
659 58
722 58
548 58
365 58
686 58
541 58
537 58
521 58
566 58
398 58
539 58
457 59
488 59
432 59
525 59
512 59
594 59
553 59
498 59
617 59
411 59
684 59
499 59
409 59
408 59
645 59
435 59
371 59
677 59
520 60
557 60
535 60
433 60
701 60
465 60
376 60
379 60
547 60
441 60
667 60
419 60
714 60
418 60
628 60
540 60
503 61
344 61
652 61
672 61
389 61
456 61
348 61
369 61
619 61
638 61
703 61
697 61
472 61
323 61
648 61
576 61
413 62
528 62
538 62
362 62
405 62
579 62
592 62
460 62
612 62
560 62
337 62
656 62
501 62
607 62
399 62
454 62
597 63
382 63
445 63
394 63
461 63
448 63
446 63
351 63
519 63
471 63
427 63
571 63
359 63
575 64
574 64
422 64
429 64
613 64
388 64
373 64
489 65
395 65
424 65
478 65
375 65
545 65
549 65
580 65
357 66
318 66
582 66
380 66
552 66
440 66
536 66
517 66
384 66
415 66
436 66
484 66
495 66
458 66
550 67
509 67
401 67
302 67
464 67
515 67
417 67
392 67
493 67
338 67
508 67
479 68
393 68
316 68
531 68
490 68
346 68
532 68
434 68
298 68
463 68
431 68
530 68
506 68
325 68
459 68
322 68
523 68
301 68
468 68
291 69
487 69
360 69
299 69
491 69
320 69
420 69
385 69
336 69
329 70
518 70
426 70
304 70
396 70
374 71
428 71
339 71
482 71
450 71
257 71
416 72
327 72
447 72
358 72
290 72
475 72
364 72
334 72
474 72
246 72
271 72
368 72
430 72
377 72
367 72
274 72
361 73
345 73
421 73
251 73
309 73
476 73
305 73
483 73
386 73
352 74
317 74
462 74
295 74
453 74
310 74
442 74
286 74
383 74
449 74
312 74
406 74
266 74
407 74
387 74
280 74
249 75
363 75
439 75
425 75
423 75
403 75
402 75
477 75
256 75
314 76
277 76
378 76
443 76
332 76
404 77
469 77
473 77
444 78
414 78
263 78
400 78
437 78
296 78
258 78
455 79
250 79
293 79
370 79
259 79
241 80
272 80
350 80
390 80
311 80
315 80
245 80
279 81
288 81
269 81
282 82
285 82
372 82
224 82
353 82
381 83
239 83
212 83
354 83
297 83
281 83
243 84
306 84
240 84
300 84
230 84
278 84
275 85
366 85
276 85
347 85
235 86
236 86
331 86
248 86
349 86
313 86
330 86
229 87
328 87
237 87
355 87
265 87
216 87
343 88
341 88
217 88
303 89
232 90
321 90
255 90
201 90
198 90
287 90
333 90
222 91
234 91
207 92
247 92
342 92
267 92
223 92
195 92
268 92
253 93
226 93
324 93
308 93
202 94
194 94
284 94
189 94
340 95
208 95
270 95
335 96
200 96
264 96
326 96
273 97
252 97
319 97
283 97
203 97
292 97
225 98
210 98
289 98
184 98
260 98
188 98
261 98
262 98
227 100
187 100
307 100
167 101
204 101
168 101
197 102
196 102
214 102
294 103
238 103
219 103
213 104
191 104
183 105
206 105
171 108
177 109
163 110
254 110
242 111
174 111
233 112
173 112
186 112
185 112
211 113
221 113
215 114
179 114
193 114
190 115
244 115
192 115
158 115
166 115
178 115
205 116
153 116
161 116
172 117
209 118
143 119
228 119
156 120
140 120
231 121
164 122
220 122
157 122
182 123
146 124
134 124
218 124
165 125
175 126
138 128
169 129
176 129
199 131
149 132
136 132
155 133
148 133
154 134
144 135
180 136
132 136
170 140
162 140
151 141
181 142
122 142
145 143
127 145
139 145
131 145
142 146
159 146
160 147
111 147
115 148
135 149
152 151
110 152
113 152
129 153
141 155
123 156
147 156
108 158
133 158
121 159
107 160
128 161
150 161
90 162
137 163
103 167
109 169
99 170
124 173
117 175
120 176
126 177
80 179
119 179
96 179
130 180
83 180
98 182
93 182
101 182
97 184
71 185
116 186
85 186
125 188
114 189
91 191
100 192
84 192
94 192
77 193
78 193
92 195
82 195
112 196
89 197
118 197
102 197
75 198
95 201
79 201
87 202
63 202
105 202
68 203
81 204
67 206
76 206
104 207
61 207
62 210
106 213
57 214
74 214
64 217
66 219
69 219
56 219
73 222
59 223
72 225
54 227
88 230
60 231
55 233
58 237
86 242
48 243
53 243
49 250
70 255
52 258
42 259
46 262
47 264
51 266
65 268
43 276
40 284
45 297
44 299
50 302
36 305
34 309
37 311
41 314
35 319
32 326
30 334
28 342
39 344
38 345
29 346
31 358
26 382
27 385
33 392
23 400
25 402
22 413
19 424
24 428
21 445
17 456
20 489
16 509
18 578
10 681
15 731
11 732
14 863
13 886
12 917
9 1004
8 1145
7 1340
6 1473
5 1517
4 1777
3 2107
2 3791
